Date Raw;Date Parsed;Sales Count;Volume;Volume USD;Cummulative Volume;Cummulative Volume USD
1558742400000;05/25/2019;13;1.7896220717592595;444.802;1.7896220717592595;444.802
1558828800000;05/26/2019;0;0;0;1.7896220717592595;444.802
1558915200000;05/27/2019;0;0;0;1.7896220717592595;444.802
1559001600000;05/28/2019;0;0;0;1.7896220717592595;444.802
1559088000000;05/29/2019;0;0;0;1.7896220717592595;444.802
1559174400000;05/30/2019;0;0;0;1.7896220717592595;444.802
1559260800000;05/31/2019;0;0;0;1.7896220717592595;444.802
1559347200000;06/01/2019;0;0;0;1.7896220717592595;444.802
1559433600000;06/02/2019;0;0;0;1.7896220717592595;444.802
1559520000000;06/03/2019;0;0;0;1.7896220717592595;444.802
1559606400000;06/04/2019;0;0;0;1.7896220717592595;444.802
1559692800000;06/05/2019;0;0;0;1.7896220717592595;444.802
1559779200000;06/06/2019;0;0;0;1.7896220717592595;444.802
1559865600000;06/07/2019;0;0;0;1.7896220717592595;444.802
1559952000000;06/08/2019;0;0;0;1.7896220717592595;444.802
1560038400000;06/09/2019;0;0;0;1.7896220717592595;444.802
1560124800000;06/10/2019;0;0;0;1.7896220717592595;444.802
1560211200000;06/11/2019;0;0;0;1.7896220717592595;444.802
1560297600000;06/12/2019;0;0;0;1.7896220717592595;444.802
1560384000000;06/13/2019;0;0;0;1.7896220717592595;444.802
1560470400000;06/14/2019;0;0;0;1.7896220717592595;444.802
1560556800000;06/15/2019;0;0;0;1.7896220717592595;444.802
1560643200000;06/16/2019;0;0;0;1.7896220717592595;444.802
1560729600000;06/17/2019;0;0;0;1.7896220717592595;444.802
1560816000000;06/18/2019;0;0;0;1.7896220717592595;444.802
1560902400000;06/19/2019;0;0;0;1.7896220717592595;444.802
1560988800000;06/20/2019;0;0;0;1.7896220717592595;444.802
1561075200000;06/21/2019;0;0;0;1.7896220717592595;444.802
1561161600000;06/22/2019;0;0;0;1.7896220717592595;444.802
1561248000000;06/23/2019;0;0;0;1.7896220717592595;444.802
1561334400000;06/24/2019;33;2.6867856932870366;827.3900000000001;4.476407765046297;1272.192
1561420800000;06/25/2019;22;6.221900289958112;1935.4340000000002;10.698308055004409;3207.626
1561507200000;06/26/2019;88;2.709913863040124;863.4760000000002;13.408221918044532;4071.1020000000003
1561593600000;06/27/2019;68;11.703627746031746;3948.111999999999;25.111849664076278;8019.214
1561680000000;06/28/2019;37;6.889064402557319;2038.073;32.0009140666336;10057.287
1561766400000;06/29/2019;49;3.7930389490740746;1175.6449999999993;35.79395301570767;11232.931999999999
1561852800000;06/30/2019;56;3.3293144367283944;1070.1479999999997;39.12326745243607;12303.079999999998
1561939200000;07/01/2019;81;1.8646028506393302;546.0319999999999;40.9878703030754;12849.111999999997
1562025600000;07/02/2019;79;4.607212924107143;1360.3189999999988;45.59508322718254;14209.430999999997
1562112000000;07/03/2019;49;7.167197212577161;2085.3639999999996;52.76228043975971;16294.794999999996
1562198400000;07/04/2019;45;2.3493781053791887;714.62;55.111658545138894;17009.414999999997
1562284800000;07/05/2019;9;2.740560858989198;781.6609999999998;57.85221940412809;17791.075999999997
1562371200000;07/06/2019;12;3.8326451191095128;1103.7479999999998;61.68486452323761;18894.823999999997
1562457600000;07/07/2019;9;1.9546079783950616;566.0100000000001;63.63947250163267;19460.833999999995
1562544000000;07/08/2019;11;2.312051190200618;705.953;65.95152369183329;20166.786999999997
1562630400000;07/09/2019;15;12.23127385445845;3821.8589999999995;78.18279754629174;23988.645999999997
1562716800000;07/10/2019;57;2.9635606128974725;912.1189999999999;81.1463581591892;24900.764999999996
1562803200000;07/11/2019;14;18.640325465783537;5405.88;99.78668362497274;30306.644999999997
1562889600000;07/12/2019;9;3.8139505303649233;1024.5620000000001;103.60063415533766;31331.207
1562976000000;07/13/2019;7;3.566762795751634;983.747;107.16739695108929;32314.953999999998
1563062400000;07/14/2019;6;0.9923831076388889;268.255;108.15978005872817;32583.209
1563148800000;07/15/2019;6;0.28615272181372553;64.992;108.4459327805419;32648.200999999997
1563235200000;07/16/2019;20;0.6706493493554829;154.36900000000006;109.11658212989738;32802.57
1563321600000;07/17/2019;1;0.6500541666666666;129.972;109.76663629656404;32932.542
1563408000000;07/18/2019;52;1.7075688383101857;360.01899999999995;111.47420513487423;33292.561
1563494400000;07/19/2019;24;2.0946562384259257;474.02700000000004;113.56886137330015;33766.588
1563580800000;07/20/2019;5;0.5075000000000001;112.216;114.07636137330014;33878.804000000004
1563667200000;07/21/2019;13;13.6195;3118.3869999999993;127.69586137330015;36997.191000000006
1563753600000;07/22/2019;55;2.30228006442901;520.6659999999997;129.99814143772915;37517.857
1563840000000;07/23/2019;37;7.144914906186582;1555.107;137.14305634391573;39072.96400000001
1563926400000;07/24/2019;5;1.2726358024691358;271.71099999999996;138.41569214638486;39344.67500000001
1564012800000;07/25/2019;8;1.3604849041005291;295.494;139.7761770504854;39640.16900000001
1564099200000;07/26/2019;19;1.6650611111111109;365.45799999999997;141.4412381615965;40005.62700000001
1564185600000;07/27/2019;23;1.6938376591435185;371.9389999999999;143.13507582074;40377.566000000006
1564272000000;07/28/2019;11;0.4158605785934745;85.88900000000001;143.5509363993335;40463.45500000001
1564358400000;07/29/2019;17;2.5135800523024687;530.943;146.06451645163597;40994.39800000001
1564444800000;07/30/2019;4;0.32499999999999996;68.518;146.38951645163596;41062.916000000005
1564531200000;07/31/2019;11;1.8671674980709878;391.444;148.25668394970694;41454.36000000001
1564617600000;08/01/2019;1;0.10070162037037036;22.015;148.3573855700773;41476.37500000001
1564704000000;08/02/2019;0;0;0;148.3573855700773;41476.37500000001
1564790400000;08/03/2019;14;0.49236500000000005;107.234;148.8497505700773;41583.609000000004
1564876800000;08/04/2019;17;0.7141455729166667;158.12300000000002;149.56389614299397;41741.732
1564963200000;08/05/2019;3;0.2254711651234568;50.052;149.78936730811742;41791.78400000001
1565049600000;08/06/2019;3;3.11;724.081;152.89936730811743;42515.865000000005
1565136000000;08/07/2019;4;0.5294834104938271;120.203;153.42885071861127;42636.06800000001
1565222400000;08/08/2019;14;3.9431609836309525;892.734;157.37201170224222;43528.802
1565308800000;08/09/2019;5;0.8494998318920772;188.58599999999998;158.2215115341343;43717.388000000006
1565395200000;08/10/2019;0;0;0;158.2215115341343;43717.388000000006
1565481600000;08/11/2019;5;0.520107037037037;107.40599999999999;158.74161857117133;43824.79400000001
1565568000000;08/12/2019;34;0.7135599421296296;154.46799999999996;159.45517851330095;43979.26200000001
1565654400000;08/13/2019;7;2.155;454.95;161.61017851330095;44434.21200000001
1565740800000;08/14/2019;2;0.5447;113.988;162.15487851330096;44548.200000000004
1565827200000;08/15/2019;2;0.0815;15.131;162.23637851330096;44563.331000000006
1565913600000;08/16/2019;9;1.6083884197916667;302.625;163.84476693309264;44865.956000000006
1566000000000;08/17/2019;3;0.5018343171296296;92.916;164.34660125022228;44958.872
1566086400000;08/18/2019;0;0;0;164.34660125022228;44958.872
1566172800000;08/19/2019;6;3.1141956597222222;605.2669999999999;167.4607969099445;45564.139
1566259200000;08/20/2019;11;2.9327988472222217;595.24;170.3935957571667;46159.379
1566345600000;08/21/2019;24;16.24693402777778;3188.8319999999994;186.64052978494448;49348.211
1566432000000;08/22/2019;248;15.64308280092607;2925.5089999999823;202.28361258587054;52273.71999999999
1566518400000;08/23/2019;30;5.864264108245152;1123.1310000000003;208.1478766941157;53396.85099999999
1566604800000;08/24/2019;24;17.419977754822526;3383.123;225.56785444893822;56779.97399999999
1566691200000;08/25/2019;13;0.1464819791666667;27.914999999999996;225.7143364281049;56807.88899999999
1566777600000;08/26/2019;20;3.337215074074074;621.798;229.05155150217897;57429.68699999999
1566864000000;08/27/2019;9;1.6114965277777777;303.56800000000004;230.66304802995674;57733.25499999999
1566950400000;08/28/2019;232;6.972031347092213;1303.5809999999997;237.63507937704895;59036.83599999999
1567036800000;08/29/2019;18;2.4514347337962965;424.16499999999996;240.08651411084526;59461.00099999999
1567123200000;08/30/2019;9;6.86517081404321;1158.8339999999998;246.95168492488847;60619.83499999999
1567209600000;08/31/2019;0;0;0;246.95168492488847;60619.83499999999
1567296000000;09/01/2019;4;1.895453732638889;326.15700000000004;248.84713865752735;60945.99199999999
1567382400000;09/02/2019;31;0.9030000000000004;154.16899999999998;249.75013865752734;61100.16099999999
1567468800000;09/03/2019;25;3.0063263888888874;534.2760000000002;252.75646504641622;61634.43699999999
1567555200000;09/04/2019;1;0.09134450231481482;16.335;252.84780954873105;61650.77199999999
1567641600000;09/05/2019;8;3.6056599922839507;630.185;256.453469541015;62280.95699999999
1567728000000;09/06/2019;16;0.65995896875;114.96399999999998;257.113428509765;62395.92099999999
1567814400000;09/07/2019;4;2.6652708333333335;451.558;259.77869934309837;62847.478999999985
1567900800000;09/08/2019;4;5.769;1026.0320000000002;265.5476993430984;63873.510999999984
1567987200000;09/09/2019;5;1.747575810185185;317.156;267.29527515328357;64190.66699999999
1568073600000;09/10/2019;6;0.1696288786008231;30.705999999999996;267.4649040318844;64221.372999999985
1568160000000;09/11/2019;7;0.31514598765432095;56.77399999999999;267.7800500195387;64278.14699999998
1568246400000;09/12/2019;8;0.48421863425925926;86.231;268.26426865379796;64364.37799999998
1568332800000;09/13/2019;8;0.47400000000000003;85.79899999999999;268.73826865379795;64450.17699999998
1568419200000;09/14/2019;2;10.18;1844.7369999999999;278.91826865379795;66294.91399999998
1568505600000;09/15/2019;1;0.8405763888888889;158.285;279.75884504268686;66453.19899999998
1568592000000;09/16/2019;9;1.391332101736111;263.318;281.15017714442297;66716.51699999998
1568678400000;09/17/2019;10;0.04225498900462963;8.351;281.1924321334276;66724.86799999997
1568764800000;09/18/2019;1;0.03147625;6.585;281.2239083834276;66731.45299999998
1568851200000;09/19/2019;0;0;0;281.2239083834276;66731.45299999998
1568937600000;09/20/2019;1;0.079;17.518;281.3029083834276;66748.97099999998
1569024000000;09/21/2019;0;0;0;281.3029083834276;66748.97099999998
1569110400000;09/22/2019;0;0;0;281.3029083834276;66748.97099999998
1569196800000;09/23/2019;4;0.321;67.929;281.62390838342765;66816.89999999998
1569283200000;09/24/2019;0;0;0;281.62390838342765;66816.89999999998
1569369600000;09/25/2019;8;0.525;88.55499999999999;282.1489083834276;66905.45499999997
1569456000000;09/26/2019;0;0;0;282.1489083834276;66905.45499999997
1569542400000;09/27/2019;2;1.7750000000000001;295.035;283.9239083834276;67200.48999999998
1569628800000;09/28/2019;2;0.9518240740740741;165.526;284.87573245750167;67366.01599999997
1569715200000;09/29/2019;3;11.274960069444443;1962.742;296.1506925269461;69328.75799999997
1569801600000;09/30/2019;2;0.87;147.63;297.0206925269461;69476.38799999998
1569888000000;10/01/2019;1;0.035;6.292;297.05569252694613;69482.67999999998
1569974400000;10/02/2019;2;0.16626736111111112;30.034000000000002;297.22195988805726;69512.71399999998
1570060800000;10/03/2019;9;2.433160821759259;439.37800000000004;299.6551207098165;69952.09199999998
1570147200000;10/04/2019;4;0.5321943672839506;94.124;300.1873150771005;70046.21599999997
1570233600000;10/05/2019;1;0.12132994791666667;21.337;300.30864502501714;70067.55299999997
1570320000000;10/06/2019;1;0.12;21.153;300.42864502501715;70088.70599999998
1570406400000;10/07/2019;6;1.2043439814814814;205.278;301.63298900649863;70293.98399999998
1570492800000;10/08/2019;0;0;0;301.63298900649863;70293.98399999998
1570579200000;10/09/2019;6;2.212;399.9069999999999;303.8449890064986;70693.89099999999
1570665600000;10/10/2019;0;0;0;303.8449890064986;70693.89099999999
1570752000000;10/11/2019;10;0.9304533526234567;177.756;304.77544235912205;70871.64699999998
1570838400000;10/12/2019;0;0;0;304.77544235912205;70871.64699999998
1570924800000;10/13/2019;1;0.6;107.968;305.3754423591221;70979.61499999998
1571011200000;10/14/2019;9;0.24899999999999997;45.138999999999996;305.6244423591221;71024.75399999997
1571097600000;10/15/2019;4;6.3229999999999995;1179.973;311.9474423591221;72204.72699999997
1571184000000;10/16/2019;1;0.15081828703703704;27.26;312.09826064615913;72231.98699999996
1571270400000;10/17/2019;4;1.3;227.57;313.39826064615914;72459.55699999997
1571356800000;10/18/2019;0;0;0;313.39826064615914;72459.55699999997
1571443200000;10/19/2019;0;0;0;313.39826064615914;72459.55699999997
1571529600000;10/20/2019;4;0.21500000000000002;36.949000000000005;313.6132606461591;72496.50599999996
1571616000000;10/21/2019;0;0;0;313.6132606461591;72496.50599999996
1571702400000;10/22/2019;0;0;0;313.6132606461591;72496.50599999996
1571788800000;10/23/2019;3;0.22749999999999998;38.999;313.84076064615914;72535.50499999996
1571875200000;10/24/2019;2;2.13;344.174;315.97076064615914;72879.67899999996
1571961600000;10/25/2019;1;0.085;13.658;316.0557606461591;72893.33699999996
1572048000000;10/26/2019;6;2.3912766975308646;433.905;318.44703734369;73327.24199999995
1572134400000;10/27/2019;7;1.34434375;241.356;319.79138109369;73568.59799999995
1572220800000;10/28/2019;14;0.6013711805555557;110.40199999999999;320.39275227424554;73678.99999999996
1572307200000;10/29/2019;6;0.04309151836419753;7.837999999999999;320.4358437926097;73686.83799999996
1572393600000;10/30/2019;1;0.014897280092592592;2.838;320.45074107270233;73689.67599999996
1572480000000;10/31/2019;3;0.11275;20.648;320.56349107270233;73710.32399999996
1572566400000;11/01/2019;0;0;0;320.56349107270233;73710.32399999996
1572652800000;11/02/2019;3;0.25;45.765;320.81349107270233;73756.08899999996
1572739200000;11/03/2019;8;0.9082985615079366;166.414;321.72178963421027;73922.50299999997
1572825600000;11/04/2019;0;0;0;321.72178963421027;73922.50299999997
1572912000000;11/05/2019;3;0.008518843750000001;1.5830000000000002;321.73030847796025;73924.08599999997
1572998400000;11/06/2019;1;1.85;349.957;323.5803084779603;74274.04299999996
1573084800000;11/07/2019;2;0.28;53.564;323.86030847796025;74327.60699999996
1573171200000;11/08/2019;1;2.4;448.36;326.2603084779602;74775.96699999996
1573257600000;11/09/2019;1;0.10056944444444445;18.472;326.36087792240465;74794.43899999995
1573344000000;11/10/2019;0;0;0;326.36087792240465;74794.43899999995
1573430400000;11/11/2019;1;0.05659151234567902;10.698;326.41746943475033;74805.13699999996
1573516800000;11/12/2019;1;0.1;18.484;326.51746943475035;74823.62099999996
1573603200000;11/13/2019;2;0.11204066898148149;20.936;326.62951010373183;74844.55699999996
1573689600000;11/14/2019;0;0;0;326.62951010373183;74844.55699999996
1573776000000;11/15/2019;11;12.009105902777787;2219.1470000000004;338.6386160065096;77063.70399999995
1573862400000;11/16/2019;0;0;0;338.6386160065096;77063.70399999995
1573948800000;11/17/2019;0;0;0;338.6386160065096;77063.70399999995
1574035200000;11/18/2019;1;0.02;3.68;338.6586160065096;77067.38399999995
1574121600000;11/19/2019;2;0.003875372608024692;0.692;338.6624913791176;77068.07599999994
1574208000000;11/20/2019;13;0.41000000000000014;72.08599999999998;339.07249137911765;77140.16199999994
1574294400000;11/21/2019;1;2;349.609;341.07249137911765;77489.77099999994
1574380800000;11/22/2019;1;0.006;0.967;341.0784913791176;77490.73799999994
1574467200000;11/23/2019;9;0.7848264322016462;117.66499999999999;341.8633178113193;77608.40299999993
1574553600000;11/24/2019;13;0.7472877616126544;113.56200000000001;342.61060557293195;77721.96499999994
1574640000000;11/25/2019;10;3.991879947916667;559.85;346.60248552084863;78281.81499999994
1574726400000;11/26/2019;2;0.4499977141203704;65.85499999999999;347.052483234969;78347.66999999994
1574812800000;11/27/2019;7;0.5012847842592593;73.979;347.55376801922824;78421.64899999995
1574899200000;11/28/2019;12;0.20020566666666667;30.556;347.7539736858949;78452.20499999994
1574985600000;11/29/2019;8;2.1470522280092594;324.01300000000003;349.90102591390416;78776.21799999995
1575072000000;11/30/2019;1;0.1999;30.836;350.1009259139042;78807.05399999995
1575158400000;12/01/2019;0;0;0;350.1009259139042;78807.05399999995
1575244800000;12/02/2019;4;0.6901829541064226;104.234;350.7911088680106;78911.28799999994
1575331200000;12/03/2019;0;0;0;350.7911088680106;78911.28799999994
1575417600000;12/04/2019;6;0.04060666454475309;5.976000000000001;350.83171553255534;78917.26399999994
1575504000000;12/05/2019;0;0;0;350.83171553255534;78917.26399999994
1575590400000;12/06/2019;11;2.1149995042438277;312.592;352.94671503679916;79229.85599999994
1575676800000;12/07/2019;5;3.32;493.371;356.26671503679916;79723.22699999994
1575763200000;12/08/2019;1;0.15;22.072;356.41671503679913;79745.29899999994
1575849600000;12/09/2019;5;0.39268958333333337;59.01899999999999;356.80940462013245;79804.31799999994
1575936000000;12/10/2019;3;0.2393066010802469;35.28;357.0487112212127;79839.59799999994
1576022400000;12/11/2019;14;7.232236666666666;1052.788;364.2809478878794;80892.38599999994
1576108800000;12/12/2019;2;0.42;60.111999999999995;364.7009478878794;80952.49799999993
1576195200000;12/13/2019;13;13.628915462962965;1976.5459999999998;378.3298633508424;82929.04399999994
1576281600000;12/14/2019;2;0.425;61.46300000000001;378.7548633508424;82990.50699999994
1576368000000;12/15/2019;3;0.8306701388888889;117.827;379.5855334897313;83108.33399999994
1576454400000;12/16/2019;10;4.337594907407407;616.853;383.9231283971387;83725.18699999995
1576540800000;12/17/2019;1;0.15;19.908;384.0731283971387;83745.09499999994
1576627200000;12/18/2019;0;0;0;384.0731283971387;83745.09499999994
1576713600000;12/19/2019;4;0.4167318350925926;55.318;384.4898602322313;83800.41299999994
1576800000000;12/20/2019;4;0.08;10.245999999999999;384.5698602322313;83810.65899999994
1576886400000;12/21/2019;2;1.3199999999999998;169.316;385.8898602322313;83979.97499999995
1576972800000;12/22/2019;6;1.508;191.415;387.39786023223127;84171.38999999994
1577059200000;12/23/2019;4;1.637017476851852;216.37599999999998;389.0348777090831;84387.76599999995
1577145600000;12/24/2019;2;0.6010923611111111;77.042;389.6359700701942;84464.80799999995
1577232000000;12/25/2019;1;0.2929647569444444;37.419;389.9289348271387;84502.22699999994
1577318400000;12/26/2019;2;0.0052;0.65;389.9341348271387;84502.87699999993
1577404800000;12/27/2019;98;16.76783122824327;2106.2809999999995;406.70196605538194;86609.15799999994
1577491200000;12/28/2019;2;0.14650000000000002;18.506999999999998;406.84846605538195;86627.66499999994
1577577600000;12/29/2019;3;0.475;60.832;407.32346605538197;86688.49699999993
1577664000000;12/30/2019;5;1.2145709912037037;163.146;408.53803704658566;86851.64299999992
1577750400000;12/31/2019;17;14.982903912037036;1969.684;423.5209409586227;88821.32699999992
1577836800000;01/01/2020;23;2.3154999999999997;299.13;425.8364409586227;89120.45699999992
1577923200000;01/02/2020;9;3.7775000000000003;492.906;429.61394095862266;89613.36299999992
1578009600000;01/03/2020;17;0.28925;36.74300000000001;429.90319095862264;89650.10599999993
1578096000000;01/04/2020;29;1.1646817430555556;155.725;431.0678727016782;89805.83099999993
1578182400000;01/05/2020;6;0.0768;10.302;431.1446727016782;89816.13299999993
1578268800000;01/06/2020;27;2.009128174603174;271.2389999999997;433.15380087628137;90087.37199999993
1578355200000;01/07/2020;0;0;0;433.15380087628137;90087.37199999993
1578441600000;01/08/2020;0;0;0;433.15380087628137;90087.37199999993
1578528000000;01/09/2020;1;2;280.548;435.15380087628137;90367.91999999993
1578614400000;01/10/2020;0;0;0;435.15380087628137;90367.91999999993
1578700800000;01/11/2020;9;6.34545928433642;917.5840000000001;441.4992601606178;91285.50399999993
1578787200000;01/12/2020;7;1.1675999999999995;166.013;442.6668601606178;91451.51699999993
1578873600000;01/13/2020;3;0.10999999999999999;15.997;442.7768601606178;91467.51399999994
1578960000000;01/14/2020;1;0.5;71.794;443.2768601606178;91539.30799999993
1579046400000;01/15/2020;2;4.156;689.861;447.4328601606178;92229.16899999994
1579132800000;01/16/2020;3;1.0745;178.639;448.5073601606178;92407.80799999993
1579219200000;01/17/2020;10;0.8916545717592592;146.058;449.39901473237705;92553.86599999994
1579305600000;01/18/2020;19;15.151059837229937;2593.197;464.550074569607;95147.06299999994
1579392000000;01/19/2020;0;0;0;464.550074569607;95147.06299999994
1579478400000;01/20/2020;5;0.2629621557484568;43.817;464.81303672535546;95190.87999999993
1579564800000;01/21/2020;14;2.130747412384259;355.704;466.9437841377397;95546.58399999993
1579651200000;01/22/2020;40;0.20800000000000013;35.202000000000005;467.15178413773975;95581.78599999993
1579737600000;01/23/2020;2;0.7029;117.966;467.85468413773975;95699.75199999993
1579824000000;01/24/2020;1;0.14;22.753;467.99468413773974;95722.50499999993
1579910400000;01/25/2020;1;0.003;0.487;467.9976841377397;95722.99199999993
1579996800000;01/26/2020;3;0.03800075578703704;6.105;468.03568489352676;95729.09699999992
1580083200000;01/27/2020;2;0.005899456018518519;0.989;468.0415843495453;95730.08599999992
1580169600000;01/28/2020;0;0;0;468.0415843495453;95730.08599999992
1580256000000;01/29/2020;18;2.0579972174403856;360.543;470.0995815669857;96090.62899999993
1580342400000;01/30/2020;12;2.2047813740079363;382.9870000000001;472.30436294099366;96473.61599999992
1580428800000;01/31/2020;1;0.1;18.473;472.4043629409937;96492.08899999992
1580515200000;02/01/2020;2;0.2;35.846;472.60436294099367;96527.93499999992
1580601600000;02/02/2020;1;0.0028;0.513;472.60716294099365;96528.44799999993
1580688000000;02/03/2020;0;0;0;472.60716294099365;96528.44799999993
1580774400000;02/04/2020;2;0.525;99.67699999999999;473.1321629409936;96628.12499999993
1580860800000;02/05/2020;0;0;0;473.1321629409936;96628.12499999993
1580947200000;02/06/2020;7;0.4981158564814815;101.54499999999997;473.6302787974751;96729.66999999993
1581033600000;02/07/2020;30;2.192502562334656;466.42500000000024;475.82278135980977;97196.09499999993
1581120000000;02/08/2020;29;0.3904203221450618;87.16599999999991;476.21320168195484;97283.26099999993
1581206400000;02/09/2020;7;0.10935333217592592;24.419;476.3225550141308;97307.67999999992
1581292800000;02/10/2020;1;0.02;4.566;476.34255501413077;97312.24599999993
1581379200000;02/11/2020;0;0;0;476.34255501413077;97312.24599999993
1581465600000;02/12/2020;60;10.035141143904314;2376.168999999998;486.37769615803506;99688.41499999992
1581552000000;02/13/2020;18;1.6675481151699643;440.28699999999986;488.045244273205;100128.70199999992
1581638400000;02/14/2020;3;0.32;85.654;488.365244273205;100214.35599999991
1581724800000;02/15/2020;1;0.275;78.164;488.640244273205;100292.51999999992
1581811200000;02/16/2020;2;0.2358049614197531;62.229;488.87604923462476;100354.74899999992
1581897600000;02/17/2020;1;0.18;47.188;489.05604923462477;100401.93699999992
1581984000000;02/18/2020;1;0.015;4.019;489.07104923462475;100405.95599999992
1582070400000;02/19/2020;4;0.33769043981481484;95.211;489.4087396744396;100501.16699999991
1582156800000;02/20/2020;3;0.29;75.164;489.6987396744396;100576.33099999992
1582243200000;02/21/2020;0;0;0;489.6987396744396;100576.33099999992
1582329600000;02/22/2020;12;1.9676709045390501;521.7560000000001;491.6664105789786;101098.08699999991
1582416000000;02/23/2020;3;1.4162340277777778;369.632;493.0826446067564;101467.71899999991
1582502400000;02/24/2020;2;2.4271226851851853;666.563;495.50976729194156;102134.2819999999
1582588800000;02/25/2020;12;2.4353761574074073;645.963;497.94514344934896;102780.24499999991
1582675200000;02/26/2020;1;0.13;32.281;498.07514344934896;102812.52599999991
1582761600000;02/27/2020;4;0.1408136904761905;31.657000000000004;498.21595713982515;102844.18299999992
1582848000000;02/28/2020;4;0.2338;52.70399999999999;498.4497571398251;102896.88699999992
1582934400000;02/29/2020;1;0.045;10.247;498.49475713982514;102907.13399999992
1583020800000;03/01/2020;2;0.02;4.366;498.5147571398251;102911.49999999991
1583107200000;03/02/2020;0;0;0;498.5147571398251;102911.49999999991
1583193600000;03/03/2020;4;0.6019;139.448;499.1166571398251;103050.94799999992
1583280000000;03/04/2020;5;1.1419;255.73999999999998;500.25855713982514;103306.68799999992
1583366400000;03/05/2020;4;0.5538000000000001;124.126;500.81235713982517;103430.81399999993
1583452800000;03/06/2020;2;0.3525;80.398;501.1648571398252;103511.21199999993
1583539200000;03/07/2020;2;0.28500000000000003;69.608;501.4498571398252;103580.81999999992
1583625600000;03/08/2020;7;0.05047199074074074;11.98;501.50032913056594;103592.79999999992
1583712000000;03/09/2020;2;0.29500000000000004;58.650999999999996;501.79532913056596;103651.45099999991
1583798400000;03/10/2020;3;1.527095486111111;306.713;503.3224246166771;103958.16399999992
1583884800000;03/11/2020;15;0.17906000000000005;35.94600000000002;503.5014846166771;103994.10999999991
1583971200000;03/12/2020;1;0.27421577380952383;53.258;503.77570039048663;104047.36799999991
1584057600000;03/13/2020;0;0;0;503.77570039048663;104047.36799999991
1584144000000;03/14/2020;3;12.86190546103395;1705.14;516.6376058515206;105752.50799999991
1584230400000;03/15/2020;0;0;0;516.6376058515206;105752.50799999991
1584316800000;03/16/2020;4;0.0155;1.9320000000000002;516.6531058515205;105754.43999999992
1584403200000;03/17/2020;1;0.14;15.539;516.7931058515205;105769.97899999992
1584489600000;03/18/2020;3;0.0095;1.113;516.8026058515205;105771.09199999992
1584576000000;03/19/2020;5;1.0370000000000001;122.055;517.8396058515206;105893.14699999991
1584662400000;03/20/2020;13;0.1855116515700483;25.37999999999999;518.0251175030907;105918.52699999991
1584748800000;03/21/2020;6;2.352;310.381;520.3771175030906;106228.90799999991
1584835200000;03/22/2020;17;1.714181995261895;226.17499999999995;522.0912994983526;106455.08299999991
1584921600000;03/23/2020;5;0.8010111233796297;98.13999999999999;522.8923106217322;106553.22299999991
1585008000000;03/24/2020;3;0.4099152772266314;55.580000000000005;523.3022258989589;106608.80299999991
1585094400000;03/25/2020;12;23.505347782407405;3261.99;546.8075736813663;109870.79299999992
1585180800000;03/26/2020;0;0;0;546.8075736813663;109870.79299999992
1585267200000;03/27/2020;10;0.40658473090277775;56.419999999999995;547.2141584122691;109927.21299999992
1585353600000;03/28/2020;50;10.975197804555213;1429.9159999999997;558.1893562168243;111357.12899999991
1585440000000;03/29/2020;111;3.606776997478503;474.0220000000001;561.7961332143028;111831.15099999991
1585526400000;03/30/2020;70;1.185278340212444;148.54099999999997;562.9814115545153;111979.69199999991
1585612800000;03/31/2020;92;1.9963258873141272;264.2420000000001;564.9777374418294;112243.9339999999
1585699200000;04/01/2020;24;2.856514331018519;380.59200000000004;567.8342517728479;112624.52599999991
1585785600000;04/02/2020;22;3.680121428959736;501.29200000000014;571.5143732018076;113125.81799999991
1585872000000;04/03/2020;9;3.898163717592592;551.4089999999999;575.4125369194003;113677.22699999991
1585958400000;04/04/2020;27;8.169080314814813;1153.975;583.5816172342151;114831.20199999992
1586044800000;04/05/2020;30;10.131656060681214;1460.992;593.7132732948962;116292.19399999992
1586131200000;04/06/2020;34;1.7109955694444432;244.41799999999992;595.4242688643407;116536.61199999992
1586217600000;04/07/2020;33;2.3034051143121688;391.24699999999996;597.7276739786528;116927.85899999992
1586304000000;04/08/2020;24;4.400555430652008;723.9659999999997;602.1282294093048;117651.82499999992
1586390400000;04/09/2020;14;4.399713720794753;760.288;606.5279431300996;118412.11299999992
1586476800000;04/10/2020;87;2.7752570398148144;472.05400000000003;609.3032001699145;118884.16699999993
1586563200000;04/11/2020;35;0.6264558442129657;98.817;609.9296560141274;118982.98399999992
1586649600000;04/12/2020;11;3.245959375;513.9290000000001;613.1756153891274;119496.91299999993
1586736000000;04/13/2020;8;1.704354878858025;270.7600000000001;614.8799702679854;119767.67299999992
1586822400000;04/14/2020;6;1.3289023520171956;208.241;616.2088726200026;119975.91399999992
1586908800000;04/15/2020;13;6.063672125771605;959.6809999999999;622.2725447457742;120935.59499999991
1586995200000;04/16/2020;9;8.209539583333333;1257.8890000000001;630.4820843291076;122193.48399999991
1587081600000;04/17/2020;18;6.120758769290123;1051.3999999999996;636.6028430983977;123244.8839999999
1587168000000;04/18/2020;13;1.0776700231481482;183.68400000000003;637.6805131215458;123428.5679999999
1587254400000;04/19/2020;11;1.0043354861111111;187.956;638.6848486076569;123616.5239999999
1587340800000;04/20/2020;6;2.069929166666667;372.70799999999997;640.7547777743235;123989.2319999999
1587427200000;04/21/2020;12;2.7540000000000004;470.1189999999999;643.5087777743236;124459.35099999991
1587513600000;04/22/2020;6;1.589935329861111;271.007;645.0987131041846;124730.3579999999
1587600000000;04/23/2020;2;0.5003420138888889;91.201;645.5990551180736;124821.5589999999
1587686400000;04/24/2020;11;1.809280848765432;333.98100000000005;647.408335966839;125155.5399999999
1587772800000;04/25/2020;5;1.972521172839506;369.539;649.3808571396785;125525.07899999991
1587859200000;04/26/2020;1;0.27;52.411;649.6508571396785;125577.4899999999
1587945600000;04/27/2020;32;2.162289141975308;426.4660000000002;651.8131462816538;126003.9559999999
1588032000000;04/28/2020;5;0.58;113.94800000000001;652.3931462816538;126117.90399999991
1588118400000;04/29/2020;8;5.123344102254429;1010.091;657.5164903839083;127127.99499999991
1588204800000;04/30/2020;18;2.801154227292768;603.7850000000001;660.317644611201;127731.77999999991
1588291200000;05/01/2020;14;3.802418287037037;781.609;664.1200628982381;128513.38899999991
1588377600000;05/02/2020;8;0.8458521793981483;179.295;664.9659150776362;128692.6839999999
1588464000000;05/03/2020;5;0.9879043209876543;211.355;665.9538193986239;128904.0389999999
1588550400000;05/04/2020;8;0.9600000000000001;201.62399999999997;666.9138193986239;129105.6629999999
1588636800000;05/05/2020;6;0.2721126736111111;56.282000000000004;667.185932072235;129161.9449999999
1588723200000;05/06/2020;7;0.8800000000000001;180.599;668.065932072235;129342.5439999999
1588809600000;05/07/2020;1;0.94;188.24;669.005932072235;129530.78399999991
1588896000000;05/08/2020;7;2.9970975529100525;636.261;672.0030296251451;130167.04499999991
1588982400000;05/09/2020;7;2.0892500000000003;442.27200000000005;674.0922796251451;130609.31699999991
1589068800000;05/10/2020;3;0.5275816550925926;111.02000000000001;674.6198612802377;130720.33699999991
1589155200000;05/11/2020;15;4.59418822272065;864.336;679.2140495029583;131584.67299999992
1589241600000;05/12/2020;20;1.8606459656084657;345.474;681.0746954685668;131930.1469999999
1589328000000;05/13/2020;17;4.186377777777777;792.5080000000002;685.2610732463446;132722.6549999999
1589414400000;05/14/2020;22;2.9235596254501037;582.8700000000001;688.1846328717947;133305.5249999999
1589500800000;05/15/2020;22;3.3478983495829655;680.3299999999999;691.5325312213777;133985.8549999999
1589587200000;05/16/2020;27;6.174480697200176;1199.5329999999997;697.7070119185778;135185.3879999999
1589673600000;05/17/2020;21;2.9218797098813356;586.0839999999998;700.6288916284591;135771.4719999999
1589760000000;05/18/2020;11;3.623022983796296;749.1300000000001;704.2519146122554;136520.6019999999
1589846400000;05/19/2020;7;4.657895377121914;998.455;708.9098099893773;137519.05699999988
1589932800000;05/20/2020;8;43.57672306680813;9311.766000000001;752.4865330561854;146830.8229999999
1590019200000;05/21/2020;9;5.362;1125.596;757.8485330561854;147956.41899999988
1590105600000;05/22/2020;7;19.669564558256173;3912.6200000000003;777.5180976144416;151869.03899999987
1590192000000;05/23/2020;8;4.979163484380845;1026.8429999999998;782.4972610988224;152895.88199999987
1590278400000;05/24/2020;60;1.921365115740738;396.5890000000004;784.4186262145631;153292.47099999987
1590364800000;05/25/2020;116;2.5845453598765435;518.6799999999998;787.0031715744396;153811.15099999987
1590451200000;05/26/2020;27;17.331833622743055;3532.4039999999995;804.3350051971827;157343.55499999988
1590537600000;05/27/2020;12;0.5104204498456789;102.577;804.8454256470284;157446.13199999987
1590624000000;05/28/2020;28;4.952368267189378;1029.3259999999998;809.7977939142178;158475.45799999987
1590710400000;05/29/2020;36;48.57641804494599;10666.972000000003;858.3742119591637;169142.42999999988
1590796800000;05/30/2020;15;3.772571155294679;831.8170000000001;862.1467831144585;169974.2469999999
1590883200000;05/31/2020;8;2.402061111111111;583.004;864.5488442255696;170557.25099999987
1590969600000;06/01/2020;42;3.4884627307305447;810.4789999999999;868.0373069563002;171367.72999999986
1591056000000;06/02/2020;30;18.784670830853173;4659.434000000001;886.8219777871534;176027.16399999987
1591142400000;06/03/2020;20;8.343395765174897;1979.5969999999998;895.1653735523283;178006.76099999988
1591228800000;06/04/2020;51;6.686907312885798;1632.441000000001;901.8522808652141;179639.20199999987
1591315200000;06/05/2020;16;0.7019006944444444;171.065;902.5541815596586;179810.26699999988
1591401600000;06/06/2020;9;3.0140050895061727;724.105;905.5681866491648;180534.3719999999
1591488000000;06/07/2020;19;1.886642168981481;456.608;907.4548288181462;180990.9799999999
1591574400000;06/08/2020;10;0.9022851099537038;220.362;908.3571139280999;181211.3419999999
1591660800000;06/09/2020;30;2.388858043981482;588.1700000000002;910.7459719720814;181799.5119999999
1591747200000;06/10/2020;28;1.8100988024691351;441.3879999999999;912.5560707745506;182240.8999999999
1591833600000;06/11/2020;12;2.798228799840407;692.6790000000001;915.354299574391;182933.5789999999
1591920000000;06/12/2020;22;1.2445182325526225;288.728;916.5988178069437;183222.3069999999
1592006400000;06/13/2020;26;2.9885863728137867;710.0680000000001;919.5874041797574;183932.3749999999
1592092800000;06/14/2020;5;0.1376401324404762;32.79900000000001;919.7250443121978;183965.1739999999
1592179200000;06/15/2020;3;0.26854241898148146;62.332;919.9935867311793;184027.5059999999
1592265600000;06/16/2020;7;0.8754200310984348;202.23600000000002;920.8690067622778;184229.7419999999
1592352000000;06/17/2020;9;5.877958020833333;1383.0159999999998;926.7469647831111;185612.7579999999
1592438400000;06/18/2020;1;0.35;81.852;927.0969647831112;185694.60999999993
1592524800000;06/19/2020;10;4.45344744967794;1031.795;931.5504122327891;186726.40499999994
1592611200000;06/20/2020;9;2.9804116023662552;682.394;934.5308238351554;187408.79899999994
1592697600000;06/21/2020;11;4.150726781400966;949.9739999999999;938.6815506165564;188358.77299999993
1592784000000;06/22/2020;2;0.20500000000000002;46.697;938.8865506165564;188405.4699999999
1592870400000;06/23/2020;0;0;0;938.8865506165564;188405.4699999999
1592956800000;06/24/2020;5;1.8728135493827163;455.24199999999996;940.7593641659391;188860.7119999999
1593043200000;06/25/2020;16;1.371415902777778;321.682;942.130780068717;189182.3939999999
1593129600000;06/26/2020;2;4.1;953.8599999999999;946.230780068717;190136.2539999999
1593216000000;06/27/2020;15;1.323845547196502;304.002;947.5546256159134;190440.2559999999
1593302400000;06/28/2020;1;0.16;35.364;947.7146256159134;190475.6199999999
1593388800000;06/29/2020;4;0.322;72.48899999999999;948.0366256159134;190548.1089999999
1593475200000;06/30/2020;25;2.35218875;536.7810000000002;950.3888143659134;191084.8899999999
1593561600000;07/01/2020;1;0.9884256172839506;222.982;951.3772399831973;191307.8719999999
1593648000000;07/02/2020;6;1.060064212962963;244.517;952.4373041961603;191552.38899999988
1593734400000;07/03/2020;4;0.34588925154320993;78.371;952.7831934477035;191630.7599999999
1593820800000;07/04/2020;5;0.38;85.567;953.1631934477035;191716.3269999999
1593907200000;07/05/2020;9;0.066;15.119;953.2291934477036;191731.4459999999
1593993600000;07/06/2020;5;6.150119444444445;1401.609;959.379312892148;193133.0549999999
1594080000000;07/07/2020;16;2.677922083976338;646.79;962.0572349761244;193779.8449999999
1594166400000;07/08/2020;46;17.938865644290143;4286.746999999997;979.9961006204145;198066.59199999992
1594252800000;07/09/2020;44;8.183076809808384;2020.0680000000002;988.1791774302229;200086.65999999992
1594339200000;07/10/2020;143;120.89782424237582;29254.275000000023;1109.0770016725987;229340.93499999994
1594425600000;07/11/2020;86;56.66813550231481;13654.475;1165.7451371749135;242995.40999999995
1594512000000;07/12/2020;85;26.13869228549382;6249.817999999999;1191.8838294604072;249245.22799999994
1594598400000;07/13/2020;43;20.512536007726617;4959.350000000001;1212.3963654681338;254204.57799999995
1594684800000;07/14/2020;67;18.833853714891976;4513.321000000002;1231.2302191830258;258717.89899999995
1594771200000;07/15/2020;25;5.896722206404322;1416.6959999999995;1237.1269413894302;260134.59499999994
1594857600000;07/16/2020;73;17.387620970086527;4149.799;1254.5145623595167;264284.394
1594944000000;07/17/2020;146;13.025257925347223;3045.791;1267.539820284864;267330.185
1595030400000;07/18/2020;50;9.116943537808641;2122.259;1276.6567638226725;269452.444
1595116800000;07/19/2020;74;8.697485648148149;2049.8349999999996;1285.3542494708206;271502.27900000004
1595203200000;07/20/2020;97;4.4702173673692895;1067.9090000000003;1289.82446683819;272570.188
1595289600000;07/21/2020;64;3.5276786593364196;832.745;1293.3521454975264;273402.933
1595376000000;07/22/2020;63;1.8504885416666668;453.80499999999995;1295.202634039193;273856.738
1595462400000;07/23/2020;7;0.48008930555555557;126.62899999999999;1295.6827233447486;273983.367
1595548800000;07/24/2020;16;0.23273160879629626;63.937;1295.915454953545;274047.304
1595635200000;07/25/2020;134;22.681226939011058;6337.899999999994;1318.596681892556;280385.204
1595721600000;07/26/2020;6;2.659418518518519;808.951;1321.2561004110746;281194.155
1595808000000;07/27/2020;61;11.179278275462963;3471.755999999999;1332.4353786865377;284665.911
1595894400000;07/28/2020;151;3.191807030169753;1025.2459999999996;1335.6271857167073;285691.157
1595980800000;07/29/2020;96;8.628617251157403;2730.1459999999984;1344.2558029678648;288421.303
1596067200000;07/30/2020;4;0.5642628935185185;179.176;1344.8200658613835;288600.479
1596153600000;07/31/2020;27;2.619014377204585;876.695;1347.439080238588;289477.174
1596240000000;08/01/2020;36;4.119400778987628;1425.3269999999998;1351.5584810175758;290902.501
1596326400000;08/02/2020;99;4.263616099977956;1654.0280000000002;1355.8220971175538;292556.529
1596412800000;08/03/2020;31;8.728723132716048;3236.0210000000006;1364.55082025027;295792.55
1596499200000;08/04/2020;41;1.3753146922059423;532.086;1365.9261349424758;296324.636
1596585600000;08/05/2020;15;0.36501084049823634;142.13;1366.291145782974;296466.766
1596672000000;08/06/2020;21;2.4660976903292173;986.898;1368.757243473303;297453.664
1596758400000;08/07/2020;53;1.6561619471450617;653.4220000000001;1370.4134054204483;298107.086
1596844800000;08/08/2020;36;6.34605967978395;2406.0119999999997;1376.7594651002323;300513.098
1596931200000;08/09/2020;39;1.6930750810185184;663.107;1378.452540181251;301176.205
1597017600000;08/10/2020;45;3.354000910493827;1307.5049999999997;1381.8065410917447;302483.71
1597104000000;08/11/2020;25;6.266041109586272;2476.1660000000006;1388.072582201331;304959.87600000005
1597190400000;08/12/2020;35;2.3541504037147267;892.6379999999998;1390.4267326050458;305852.514
1597276800000;08/13/2020;18;8.50747177946796;3296.6530000000002;1398.9342043845138;309149.167
1597363200000;08/14/2020;5;0.3043419270833334;129.089;1399.2385463115972;309278.256
1597449600000;08/15/2020;17;3.087582947530864;1354.1319999999996;1402.326129259128;310632.388
1597536000000;08/16/2020;21;5.29781480952381;2292.124;1407.6239440686518;312924.512
1597622400000;08/17/2020;5;0.4975656084656085;215.661;1408.1215096771175;313140.173
1597708800000;08/18/2020;8;1.2250199874338625;526.937;1409.3465296645513;313667.11
1597795200000;08/19/2020;7;0.923921875;389.993;1410.2704515395512;314057.103
1597881600000;08/20/2020;10;1.3735055333719137;558.4320000000001;1411.643957072923;314615.535
1597968000000;08/21/2020;20;0.611;254.464;1412.2549570729232;314869.99899999995
1598054400000;08/22/2020;17;2.251481192129629;870.8500000000003;1414.5064382650528;315740.84899999993
1598140800000;08/23/2020;15;4.079004745370371;1614.818;1418.5854430104232;317355.66699999996
1598227200000;08/24/2020;6;0.9623773148148148;376.086;1419.547820325238;317731.75299999997
1598313600000;08/25/2020;17;4.423648061824845;1806.0369999999998;1423.971468387063;319537.79
1598400000000;08/26/2020;9;4.674451481481483;1793.41;1428.6459198685445;321331.19999999995
1598486400000;08/27/2020;2;0.617;238.00900000000001;1429.2629198685445;321569.209
1598572800000;08/28/2020;30;1.8668708680555557;712.84;1431.1297907366;322282.049
1598659200000;08/29/2020;11;1.595889050925926;630.597;1432.725679787526;322912.646
1598745600000;08/30/2020;9;2.7531800099206354;1099.549;1435.4788597974466;324012.195
1598832000000;08/31/2020;11;3.1991175212191356;1370.167;1438.6779773186656;325382.362
1598918400000;09/01/2020;12;0.42612435185185193;185.65899999999996;1439.1041016705174;325568.021
1599004800000;09/02/2020;13;1.6614470651455029;790.4269999999999;1440.7655487356628;326358.44800000003
1599091200000;09/03/2020;28;3.721452562003966;1635.039;1444.487001297667;327993.487
1599177600000;09/04/2020;17;4.035562499999999;1548.4109999999998;1448.5225637976669;329541.89800000004
1599264000000;09/05/2020;5;1.180110200617284;457.769;1449.7026739982841;329999.667
1599350400000;09/06/2020;10;2.835080803571428;948.245;1452.5377548018555;330947.912
1599436800000;09/07/2020;16;4.874876015142748;1723.8499999999995;1457.4126308169982;332671.762
1599523200000;09/08/2020;14;3.719806980963291;1308.9180000000003;1461.1324377979615;333980.68
1599609600000;09/09/2020;13;1.4774799415509259;499.198;1462.6099177395124;334479.87799999997
1599696000000;09/10/2020;27;1.837474074074074;645.3789999999997;1464.4473918135866;335125.257
1599782400000;09/11/2020;19;0.5109373800505052;187.844;1464.9583291936372;335313.10099999997
1599868800000;09/12/2020;15;1.9999342271347738;747.8050000000001;1466.958263420772;336060.90599999996
1599955200000;09/13/2020;14;0.7746609664351853;300.3300000000001;1467.7329243872073;336361.236
1600041600000;09/14/2020;24;2.3185000000000002;847.866;1470.0514243872074;337209.10199999996
1600128000000;09/15/2020;2;1.4137538580246916;532.129;1471.465178245232;337741.23099999997
1600214400000;09/16/2020;36;5.272064465244226;1922.5739999999998;1476.7372427104763;339663.805
1600300800000;09/17/2020;63;13.09469279899691;4781.271999999999;1489.8319355094732;344445.077
1600387200000;09/18/2020;59;22.337835438368057;8680.784000000001;1512.1697709478412;353125.861
1600473600000;09/19/2020;103;19.436522532908942;7447.697999999991;1531.60629348075;360573.55899999995
1600560000000;09/20/2020;46;12.759450110119042;4918.4119999999975;1544.3657435908692;365491.97099999996
1600646400000;09/21/2020;145;14.532934193857418;5395.069999999999;1558.8986777847267;370887.04099999997
1600732800000;09/22/2020;102;16.421213294788995;5604.194000000001;1575.3198910795156;376491.235
1600819200000;09/23/2020;162;25.93980229753638;8919.770999999995;1601.259693377052;385411.006
1600905600000;09/24/2020;102;34.57309379733794;11100.63499999999;1635.8327871743898;396511.641
1600992000000;09/25/2020;246;191.7390299039958;66880.94799999997;1827.5718170783855;463392.589
1601078400000;09/26/2020;171;54.99121742530682;19320.046000000006;1882.5630345036923;482712.635
1601164800000;09/27/2020;205;104.83353011690595;37184.92799999998;1987.3965646205982;519897.56299999997
1601251200000;09/28/2020;186;101.84278144102696;36366.50799999997;2089.239346061625;556264.071
1601337600000;09/29/2020;96;56.27290458869171;19948.925000000003;2145.5122506503167;576212.996
1601424000000;09/30/2020;68;31.185026158610757;11208.707999999997;2176.6972768089277;587421.704
1601510400000;10/01/2020;71;22.648152515801836;8144.400999999998;2199.3454293247296;595566.105
1601596800000;10/02/2020;84;22.256851859306337;7859.761000000002;2221.6022811840357;603425.866
1601683200000;10/03/2020;66;39.825561799653705;13776.116999999998;2261.4278429836895;617201.983
1601769600000;10/04/2020;33;48.25969354583423;16697.573999999997;2309.6875365295236;633899.557
1601856000000;10/05/2020;73;70.36923245775463;24804.176999999996;2380.0567689872782;658703.734
1601942400000;10/06/2020;107;37.86944324684837;13393.869;2417.9262122341265;672097.603
1602028800000;10/07/2020;60;82.68388896103394;28163.43300000001;2500.6101011951605;700261.036
1602115200000;10/08/2020;102;26.22734105477261;8953.323999999999;2526.8374422499332;709214.36
1602201600000;10/09/2020;60;16.502724850639325;5776.873000000001;2543.3401671005727;714991.233
1602288000000;10/10/2020;50;29.41212258414168;10745.183000000006;2572.7522896847145;725736.416
1602374400000;10/11/2020;51;90.12639306602733;33389.68200000001;2662.878682750742;759126.098
1602460800000;10/12/2020;77;33.88706708089806;12690.614999999994;2696.76574983164;771816.713
1602547200000;10/13/2020;30;19.590044574129188;7585.802;2716.355794405769;779402.515
1602633600000;10/14/2020;33;44.614704263668436;17005.733000000004;2760.9704986694373;796408.248
1602720000000;10/15/2020;31;45.26662102237654;17165.522999999997;2806.237119691814;813573.7710000001
1602806400000;10/16/2020;58;60.609933391557206;22860.133;2866.847053083371;836433.9040000001
1602892800000;10/17/2020;31;14.239527659850818;5211.533999999999;2881.086580743222;841645.4380000001
1602979200000;10/18/2020;29;34.56735386895576;12743.714;2915.6539346121776;854389.1520000001
1603065600000;10/19/2020;48;22.755752532861045;8603.537000000002;2938.409687145039;862992.6890000001
1603152000000;10/20/2020;37;16.863458623591153;6402.035999999997;2955.27314576863;869394.7250000001
1603238400000;10/21/2020;72;130.23811989665302;47957.19300000001;3085.511265665283;917351.9180000001
1603324800000;10/22/2020;82;568.7955511529528;222502.4309999999;3654.3068168182363;1139854.349
1603411200000;10/23/2020;226;216.83801308596372;89597.41799999999;3871.1448299042;1229451.767
1603497600000;10/24/2020;49;19.099364407407407;7808.191999999999;3890.2441943116073;1237259.959
1603584000000;10/25/2020;82;70.83717260402891;29181.87999999998;3961.0813669156364;1266441.839
1603670400000;10/26/2020;261;169.80504488141028;68977.94500000002;4130.886411797047;1335419.784
1603756800000;10/27/2020;115;173.31081142896437;68177.51;4304.197223226011;1403597.294
1603843200000;10/28/2020;147;85.9428121932301;34680.383000000016;4390.140035419241;1438277.677
1603929600000;10/29/2020;159;156.7323774263945;60949.36000000001;4546.872412845635;1499227.037
1604016000000;10/30/2020;227;113.95361380626193;44055.629;4660.826026651897;1543282.666
1604102400000;10/31/2020;96;82.10705909198633;31438.86299999999;4742.933085743884;1574721.5289999999
1604188800000;11/01/2020;78;51.39696748203339;19831.246000000003;4794.330053225917;1594552.775
1604275200000;11/02/2020;66;51.56767771412038;20386.815999999995;4845.897730940038;1614939.591
1604361600000;11/03/2020;63;24.61061274658289;9437.774;4870.508343686621;1624377.365
1604448000000;11/04/2020;49;30.383844350446424;11770.916000000001;4900.892188037067;1636148.281
1604534400000;11/05/2020;66;21.038089795765238;8451.753999999999;4921.930277832832;1644600.035
1604620800000;11/06/2020;49;27.914479674167122;11610.463;4949.8447575069995;1656210.498
1604707200000;11/07/2020;34;16.949195916327913;7713.502;4966.793953423327;1663924
1604793600000;11/08/2020;44;15.565705122767858;6777.595;4982.3596585460955;1670701.595
1604880000000;11/09/2020;30;17.38031302002584;7914.3060000000005;4999.739971566121;1678615.901
1604966400000;11/10/2020;66;23.579321383845894;10494.004000000003;5023.319292949967;1689109.905
1605052800000;11/11/2020;74;18.858162992890215;8495.614000000001;5042.177455942858;1697605.519
1605139200000;11/12/2020;50;10.096075085069442;4676.314999999999;5052.273531027927;1702281.834
1605225600000;11/13/2020;80;27.588441248200958;12751.123999999996;5079.861972276128;1715032.958
1605312000000;11/14/2020;30;23.919284722222226;11385.960000000001;5103.78125699835;1726418.918
1605398400000;11/15/2020;79;41.975509398148155;19422.830999999995;5145.756766396498;1745841.749
1605484800000;11/16/2020;53;59.986896385030875;26946.632;5205.74366278153;1772788.381
1605571200000;11/17/2020;69;19.427998163966052;8985.793;5225.171660945495;1781774.174
1605657600000;11/18/2020;82;9.423051035604056;4543.776;5234.594711981099;1786317.9500000002
1605744000000;11/19/2020;44;22.140994536816574;10615.247000000001;5256.735706517916;1796933.1970000002
1605830400000;11/20/2020;31;10.029021836962631;4726.856999999999;5266.764728354879;1801660.0540000002
1605916800000;11/21/2020;17;9.120870578703702;4640.628000000001;5275.8855989335825;1806300.6820000003
1606003200000;11/22/2020;49;33.4700342901235;18418.27500000001;5309.355633223706;1824718.9570000002
1606089600000;11/23/2020;59;8.14442459766314;4570.603999999999;5317.5000578213685;1829289.5610000002
1606176000000;11/24/2020;19;4.957753774881616;3015.667000000001;5322.45781159625;1832305.2280000001
1606262400000;11/25/2020;47;20.238069768994162;12195.567;5342.6958813652445;1844500.7950000002
1606348800000;11/26/2020;45;6.3388286920967865;3602.201;5349.034710057342;1848102.996
1606435200000;11/27/2020;7;4.115774074074074;2133.894;5353.150484131415;1850236.8900000001
1606521600000;11/28/2020;8;6.503761795910494;3366.0419999999995;5359.654245927326;1853602.932
1606608000000;11/29/2020;25;15.158819397183644;8146.165000000001;5374.81306532451;1861749.097
1606694400000;11/30/2020;127;45.982285714317435;26428.37300000001;5420.795351038827;1888177.47
1606780800000;12/01/2020;25;19.71966207561729;12073.636000000002;5440.515013114445;1900251.106
1606867200000;12/02/2020;14;7.035955234375001;4148.271;5447.55096834882;1904399.3769999999
1606953600000;12/03/2020;352;166.86986104929267;99915.05000000002;5614.420829398113;2004314.427
1607040000000;12/04/2020;116;46.685140737049444;28773.501;5661.105970135162;2033087.9279999998
1607126400000;12/05/2020;88;45.57785472163384;26033.695999999974;5706.6838248567965;2059121.6239999998
1607212800000;12/06/2020;82;28.292810302140253;16860.559000000005;5734.976635158937;2075982.1829999997
1607299200000;12/07/2020;75;63.67410253059961;38328.18599999992;5798.650737689537;2114310.3689999995
1607385600000;12/08/2020;54;17.647393480764986;10454.081999999999;5816.2981311703015;2124764.4509999994
1607472000000;12/09/2020;122;14.890940523063632;8254.496999999998;5831.189071693365;2133018.9479999994
1607558400000;12/10/2020;45;9.066141969907408;5202.828;5840.255213663272;2138221.7759999996
1607644800000;12/11/2020;98;36.83644196101406;20645.142999999996;5877.091655624286;2158866.9189999998
1607731200000;12/12/2020;71;15.92422579604828;8694.748999999998;5893.015881420335;2167561.6679999996
1607817600000;12/13/2020;51;20.61250444778364;11715.367999999995;5913.628385868119;2179277.0359999994
1607904000000;12/14/2020;32;17.950762221671077;10596.770999999997;5931.57914808979;2189873.8069999996
1607990400000;12/15/2020;40;7.162844520989491;4194.147;5938.74199261078;2194067.9539999994
1608076800000;12/16/2020;31;14.256580086640218;8398.081000000002;5952.99857269742;2202466.034999999
1608163200000;12/17/2020;35;10.299341555555555;6549.981999999997;5963.297914252976;2209016.016999999
1608249600000;12/18/2020;16;6.572889219052379;4233.368999999999;5969.8708034720285;2213249.385999999
1608336000000;12/19/2020;20;3.081519470348324;2016.611;5972.952322942377;2215265.996999999
1608422400000;12/20/2020;85;29.810385259005745;19648.913000000008;6002.762708201382;2234914.909999999
1608508800000;12/21/2020;10;5.515289521034621;3530.7489999999993;6008.277997722417;2238445.658999999
1608595200000;12/22/2020;10;3.6276180798611106;2214.3980000000006;6011.905615802279;2240660.056999999
1608681600000;12/23/2020;16;8.098082291253306;5142.121000000001;6020.003698093532;2245802.177999999
1608768000000;12/24/2020;20;15.948129793320104;9376.845;6035.951827886852;2255179.022999999
1608854400000;12/25/2020;28;19.471954272817456;11933.969;6055.423782159669;2267112.991999999
1608940800000;12/26/2020;13;6.667447811977281;4177.409;6062.0912299716465;2271290.400999999
1609027200000;12/27/2020;8;3.6614956983024687;2335.918;6065.752725669949;2273626.318999999
1609113600000;12/28/2020;22;5.78770001461736;3991.541;6071.540425684566;2277617.8599999994
1609200000000;12/29/2020;27;3.066821657407406;2247.8499999999995;6074.607247341974;2279865.7099999995
1609286400000;12/30/2020;11;3.5495133977017197;2610.9889999999996;6078.1567607396755;2282476.6989999996
1609372800000;12/31/2020;8;4.00632961087963;3016.1880000000006;6082.163090350555;2285492.8869999996
1609459200000;01/01/2021;16;4.665108203262786;3445.401;6086.828198553818;2288938.2879999997
1609545600000;01/02/2021;42;4.484402512235448;3274.278;6091.3126010660535;2292212.5659999996
1609632000000;01/03/2021;9;1.3032368749999999;1013.523;6092.6158379410535;2293226.0889999997
1609718400000;01/04/2021;15;4.904957569444445;4746.808;6097.520795510498;2297972.897
1609804800000;01/05/2021;19;12.7893636506724;13117.472000000003;6110.31015916117;2311090.369
1609891200000;01/06/2021;16;3.886745074446573;4288.475;6114.196904235617;2315378.844
1609977600000;01/07/2021;31;9.929443780864194;11988.849000000002;6124.126348016481;2327367.693
1610064000000;01/08/2021;20;2.8322773699570103;3483.9340000000007;6126.958625386438;2330851.627
1610150400000;01/09/2021;22;8.833930681216932;10684.343999999997;6135.792556067655;2341535.971
1610236800000;01/10/2021;10;2.719229691358024;3488.717;6138.511785759013;2345024.688
1610384788000;01/12/2021;24;9.957961239473104;11685.284;6148.469746998486;2356709.972
1610471188000;01/13/2021;15;3.540832547608024;3820.706;6152.010579546094;2360530.678
1610557588000;01/14/2021;59;4.420208531932635;4977.767999999999;6156.430788078027;2365508.446
1610643988000;01/15/2021;30;0.716322643422068;857.1850000000001;6157.147110721449;2366365.631
1610730388000;01/16/2021;35;5.519201603835979;6580.07;6162.666312325286;2372945.701
1610816788000;01/17/2021;13;2.6798977237654316;3304.758;6165.3462100490515;2376250.459
1610903188000;01/18/2021;19;5.589596296296296;6890.853;6170.935806345347;2383141.312
1610989588000;01/19/2021;9;46.627769646990735;58548.706;6217.563575992338;2441690.0179999997
1611075988000;01/20/2021;20;3.957604679301696;5411.812;6221.52118067164;2447101.8299999996
1611162388000;01/21/2021;13;2.3280315722853526;3224.218;6223.849212243925;2450326.0479999995
1611248788000;01/22/2021;28;125.58162852970678;173202.11100000006;6349.430840773632;2623528.1589999995
1611335188000;01/23/2021;14;45.09999138762049;55385.72299999999;6394.530832161252;2678913.8819999993
1611421588000;01/24/2021;14;11.805664409722223;14583.054000000002;6406.336496570974;2693496.9359999993
1611507988000;01/25/2021;13;2.245957708333333;2933.8999999999996;6408.582454279308;2696430.835999999
1611594388000;01/26/2021;11;3.9888338828356478;5495.0599999999995;6412.571288162144;2701925.8959999993
1611680788000;01/27/2021;13;5.454941951609347;7276.77;6418.026230113754;2709202.6659999993
1611767188000;01/28/2021;22;6.389610695949074;8479.829999999998;6424.415840809703;2717682.4959999993
1611853588000;01/29/2021;8;4.8562953521324355;6398.829;6429.272136161835;2724081.3249999993
1611939988000;01/30/2021;6;0.5139;709.3280000000001;6429.786036161835;2724790.6529999995
1612026388000;01/31/2021;20;4.4242958101851855;6096.081;6434.21033197202;2730886.7339999992
1612112788000;02/01/2021;39;13.030656005015434;17209.452999999998;6447.240987977036;2748096.1869999995
1612199188000;02/02/2021;0;0;0;6447.240987977036;2748096.1869999995
1612285588000;02/03/2021;3;0.00012;0.181;6447.241107977035;2748096.3679999993
1612371988000;02/04/2021;13;4.260956918333333;6579.744000000001;6451.502064895369;2754676.1119999993
1612458388000;02/05/2021;2;0.015;24.549;6451.517064895369;2754700.6609999994
1612544788000;02/06/2021;6;9.04738515;15489.305999999999;6460.564450045369;2770189.9669999992
1612631188000;02/07/2021;22;6.6577489017559515;11252.598;6467.222198947125;2781442.5649999995
1612717588000;02/08/2021;4;2.9463187499999997;4765.139999999999;6470.168517697125;2786207.7049999996
1612803988000;02/09/2021;11;892.6305757976189;1562429.9250000003;7362.799093494744;4348637.63
1612890388000;02/10/2021;27;10.068295486111113;17796.151;7372.867388980855;4366433.7809999995
1612976788000;02/11/2021;19;13.627449582357574;23785.556999999993;7386.494838563212;4390219.3379999995
1613063188000;02/12/2021;7;4.317880555555556;7618.273;7390.812719118768;4397837.611
1613149588000;02/13/2021;9;4.836025902777777;8675.687000000002;7395.648745021545;4406513.2979999995
1613235988000;02/14/2021;31;17.69459175433029;32093.087999999996;7413.343336775875;4438606.386
1613322388000;02/15/2021;53;31.191290056465238;56375.26099999998;7444.53462683234;4494981.647
1613408788000;02/16/2021;26;17.937384211309524;31985.818000000003;7462.472011043649;4526967.465
1613495188000;02/17/2021;90;40.4145659696976;71953.677;7502.886577013347;4598921.142
1613581588000;02/18/2021;71;40.118334588427366;73029.45199999998;7543.004911601774;4671950.594
1613667988000;02/19/2021;38;77.25262499993964;143817.48799999998;7620.2575366017145;4815768.0819999995
1613754388000;02/20/2021;43;32.070547636111115;63064.51599999998;7652.328084237825;4878832.597999999
1613840788000;02/21/2021;101;69.88750412698413;135148.52500000002;7722.215588364809;5013981.123
1613927188000;02/22/2021;145;34.71183827960155;67226.37200000003;7756.927426644411;5081207.495
1614013588000;02/23/2021;0;0;0;7756.927426644411;5081207.495
1614074489000;02/23/2021;157;121.58900409498652;193105.51800000007;7878.516430739397;5274313.013
1614160889000;02/24/2021;99;153.3847540628472;248286.74599999996;8031.901184802245;5522599.759000001
1614247289000;02/25/2021;77;60.25034028732348;92643.82299999999;8092.151525089568;5615243.582
1614333689000;02/26/2021;103;129.67910374801323;190408.27799999985;8221.83062883758;5805651.86
1614420089000;02/27/2021;103;35.859899858635515;52426.12500000004;8257.690528696216;5858077.985
1614506489000;02/28/2021;85;19.116700445185046;28191.817999999996;8276.807229141401;5886269.803
1614592889000;03/01/2021;107;31.670435134952307;46529.87499999999;8308.477664276354;5932799.678
1614679289000;03/02/2021;126;22.714290926587253;35221.93200000001;8331.191955202941;5968021.61
1614765689000;03/03/2021;73;66.01131902949075;100842.03199999999;8397.203274232432;6068863.642
1614852089000;03/04/2021;70;87.17318402344577;137196.13600000003;8484.376458255878;6206059.778
1614938489000;03/05/2021;238;213.1254940400381;329302.3869999999;8697.501952295916;6535362.165
1615024889000;03/06/2021;131;85.76296272156101;134313.81699999998;8783.264915017477;6669675.982
1615111289000;03/07/2021;72;328.3816467308862;560488.9319999994;9111.646561748363;7230164.913999999
1615197689000;03/08/2021;184;402.8920640311558;727947.8830000003;9514.538625779518;7958112.796999999
1615284089000;03/09/2021;158;106.3735782713449;196116.4969999999;9620.912204050863;8154229.293999999
1615370489000;03/10/2021;106;155.32937297604138;282431.43799999985;9776.241577026904;8436660.731999999
1615456889000;03/11/2021;156;165.0832151816469;298704.47300000006;9941.32479220855;8735365.204999998
1615543289000;03/12/2021;84;24.872097589123687;44390.882999999965;9966.196889797673;8779756.087999998
1615629689000;03/13/2021;61;81.48513074537038;146467.68499999988;10047.682020543043;8926223.772999998
1615716089000;03/14/2021;52;73.16111504365081;139445.47699999998;10120.843135586694;9065669.249999998
1615802489000;03/15/2021;106;56.45923366236772;102530.00700000001;10177.302369249062;9168199.256999997
1615888889000;03/16/2021;158;40.86016737349206;73406.43699999999;10218.162536622554;9241605.693999998
1615975289000;03/17/2021;88;37.97591590773809;69012.99999999999;10256.138452530293;9310618.693999998
1616061689000;03/18/2021;138;43.19211656299604;77735.51900000004;10299.330569093288;9388354.212999998
1616148089000;03/19/2021;222;59.91953768850858;107973.13300000006;10359.250106781798;9496327.345999997
1616234489000;03/20/2021;121;49.25102276468255;89469.60799999996;10408.50112954648;9585796.953999996
1616320889000;03/21/2021;137;109.03722208354293;197526.70700000002;10517.538351630023;9783323.660999997
1616407289000;03/22/2021;61;28.90169149900794;50521.893;10546.44004312903;9833845.553999996
1616493689000;03/23/2021;40;25.88694657440476;43445.79299999999;10572.326989703435;9877291.346999995
1616580089000;03/24/2021;102;76.37480357275138;124389.19699999999;10648.701793276186;10001680.543999996
1616666489000;03/25/2021;26;37.49787539583333;59916.95199999999;10686.19966867202;10061597.495999996
1616752889000;03/26/2021;38;21.071487762400785;33663.64899999998;10707.27115643442;10095261.144999996
1616839289000;03/27/2021;31;27.319208630952378;46616.88399999999;10734.590365065373;10141878.028999995
1616925689000;03/28/2021;41;20.080144860780443;34032.399;10754.670509926153;10175910.427999996
1617012089000;03/29/2021;15;7.8076102430555565;13488.994;10762.478120169208;10189399.421999997
1617098489000;03/30/2021;47;7.466237245370369;13668.995999999996;10769.944357414577;10203068.417999996
1617184889000;03/31/2021;16;17.590654027777774;33150.611;10787.535011442355;10236219.028999995
1617271289000;04/01/2021;14;7.340564589285717;14438.688999999998;10794.87557603164;10250657.717999995
1617357689000;04/02/2021;21;27.54496938888889;55525.68299999999;10822.42054542053;10306183.400999995
1617444089000;04/03/2021;29;22.18152331845238;47273.885;10844.602068738981;10353457.285999995
1617530489000;04/04/2021;14;1.6405864444444445;3397.3310000000006;10846.242655183425;10356854.616999995
1617616889000;04/05/2021;21;24.457525063131314;50975.16;10870.700180246557;10407829.776999995
1617703289000;04/06/2021;7;6.470238467261905;13573.243;10877.170418713818;10421403.019999996
