snapped_at,price,market_cap,total_volume
2017-11-15 00:00:00 UTC,0.0255714,19336901.48,92348.44483
2017-11-16 00:00:00 UTC,0.021971547,16614719.76,50687.09302
2017-11-17 00:00:00 UTC,0.0203514,15389576.98,43489.52758
2017-11-18 00:00:00 UTC,0.023368602,17671162.35,29861.85303
2017-11-19 00:00:00 UTC,0.023485114,17759267.65,64578.38402
2017-11-20 00:00:00 UTC,0.024059412,18193548.08,38675.91097
2017-11-21 00:00:00 UTC,0.021233173,16056367.27,33042.16118
2017-11-22 00:00:00 UTC,0.022298359,16861852.45,20476.71571
2017-11-23 00:00:00 UTC,0.024101316,18225235.17,1221957.358
2017-11-24 00:00:00 UTC,0.024337415,18403771.88,782466.4088
2017-11-25 00:00:00 UTC,0.022836276,17268621.48,507431.2964
2017-11-26 00:00:00 UTC,0.024719955,18693045.18,418428.4348
2017-11-27 00:00:00 UTC,0.027696509,20943893.59,738784.6273
2017-11-28 00:00:00 UTC,0.02662075,20130412.78,813386.6722
2017-11-29 00:00:00 UTC,0.022077032,16694486.81,641933.6301
2017-11-30 00:00:00 UTC,0.023402122,17696510.28,404961.682
2017-12-01 00:00:00 UTC,0.025106372,18985250.84,279111.8188
2017-12-02 00:00:00 UTC,0.02752395,20813405.83,357267.6164
2017-12-03 00:00:00 UTC,0.025415798,19219236.89,494377.501
2017-12-04 00:00:00 UTC,0.0265483,20075626.35,372030.5066
2017-12-05 00:00:00 UTC,0.028541636,21582972.13,1504004.276
2017-12-06 00:00:00 UTC,0.036065038,27272112.47,23802.92465
2017-12-07 00:00:00 UTC,0.056391241,42642635.81,27552564.54
2017-12-08 00:00:00 UTC,0.04349669,32891871.95,7503555.712
2017-12-09 00:00:00 UTC,0.040809678,30859973.88,2425727.654
2017-12-10 00:00:00 UTC,0.043491506,32887951.99,3108772.865
2017-12-11 00:00:00 UTC,0.048085564,36361944.21,1946543.177
2017-12-12 00:00:00 UTC,0.048663079,36798657.11,2389658.181
2017-12-13 00:00:00 UTC,0.047479869,35903922.33,1492333.956
2017-12-14 00:00:00 UTC,0.054267076,41036357.75,2826450.649
2017-12-15 00:00:00 UTC,0.06062814,45846546.74,2604771.959
2017-12-16 00:00:00 UTC,0.089617115,67767793.5,16057629.71
2017-12-17 00:00:00 UTC,0.130341888,98563563,21762620.06
2017-12-18 00:00:00 UTC,0.118771733,89814297.56,7005221.7
2017-12-19 00:00:00 UTC,0.12981802,98167417.66,5724752.296
2017-12-20 00:00:00 UTC,0.110162441,83304015.85,6423405.405
2017-12-21 00:00:00 UTC,0.108206922,81825266.63,5978287.533
2017-12-22 00:00:00 UTC,0.097353383,73617901.75,4859814.495
2017-12-23 00:00:00 UTC,0.181115397,136958111.5,261762.6312
2017-12-24 00:00:00 UTC,0.163092961,123329679.7,192080.3285
2017-12-25 00:00:00 UTC,0.162443111,122838268,131818.5977
2017-12-26 00:00:00 UTC,0.156466721,118318966.7,6844858.662
2017-12-27 00:00:00 UTC,0.166304486,125758211,6884305.049
2017-12-28 00:00:00 UTC,0.156735344,118522096.7,5746086.171
2017-12-29 00:00:00 UTC,0.173248877,131009507.1,6261418.141
2017-12-30 00:00:00 UTC,0.168638432,127523123,8909876.171
2017-12-31 00:00:00 UTC,0.186317009,140891531.2,9658370.069
2018-01-01 00:00:00 UTC,0.184663206,139640937.9,6245159.709
2018-01-02 00:00:00 UTC,0.204076916,154321440.5,10885892.5
2018-01-03 00:00:00 UTC,0.2228103,168487485.9,16987375.89
2018-01-04 00:00:00 UTC,0.363653411,274991994.8,39824992.13
2018-01-05 00:00:00 UTC,0.397330592,300458427.5,42227389.31
2018-01-06 00:00:00 UTC,0.464609336,351334111.9,22131520.09
2018-01-07 00:00:00 UTC,0.443243396,335177347.1,23979922.22
2018-01-08 00:00:00 UTC,0.408821653,309147882,22046410.96
2018-01-09 00:00:00 UTC,0.399591466,302168083.8,17164236.03
2018-01-10 00:00:00 UTC,0.368350345,278543781.1,16178557.21
2018-01-11 00:00:00 UTC,0.3510662,265473640,14981074.77
2018-01-12 00:00:00 UTC,0.432687622,327195149.5,44983186.14
2018-01-13 00:00:00 UTC,0.398824224,301587901.1,18559881.64
2018-01-14 00:00:00 UTC,0.341617032,258328249.1,9974343.938
2018-01-15 00:00:00 UTC,0.311335872,235429862.6,8712700.345
2018-01-16 00:00:00 UTC,0.199816067,151099418.6,9783064.188
2018-01-17 00:00:00 UTC,0.24400966,184518283.5,9953682.213
2018-01-18 00:00:00 UTC,0.248010159,187543431,10319594.56
2018-01-19 00:00:00 UTC,0.25278112,191151195.7,5359112.428
2018-01-20 00:00:00 UTC,0.264460611,199983139.9,7962210.321
2018-01-21 00:00:00 UTC,0.217880135,164759331.4,3411180.823
2018-01-22 00:00:00 UTC,0.202153566,152867017.8,3973304.275
2018-01-23 00:00:00 UTC,0.223270146,168835217.9,7607203.517
2018-01-24 00:00:00 UTC,0.230750404,174491733,10328148.43
2018-01-25 00:00:00 UTC,0.292519598,221201136.5,14609025.09
2018-01-26 00:00:00 UTC,0.275043192,207985608.7,21799798.92
2018-01-27 00:00:00 UTC,0.275329198,208201884.3,6581721.989
2018-01-28 00:00:00 UTC,0.266187247,201288809.1,5572243.848
2018-01-29 00:00:00 UTC,0.263835566,199510485.1,6427099.34
2018-01-30 00:05:22 UTC,0.264796895,200237435.6,6426567.921
2018-01-31 00:00:00 UTC,0.223972484,169366320.3,4538276.013
2018-02-01 00:00:00 UTC,0.211545371,159969030.6,3164317.297
2018-02-02 00:00:00 UTC,0.176840786,133725682.1,4202671.401
2018-02-03 00:00:00 UTC,0.169352603,128063174,4272517.202
2018-02-04 00:00:00 UTC,0.176105721,133169831.3,1676320.658
2018-02-05 00:00:00 UTC,0.147980579,111901809.5,1971817.382
2018-02-06 00:00:00 UTC,0.102895087,77808496.84,2430606.371
2018-02-07 00:00:00 UTC,0.15500035,117210107.9,7144027.153
2018-02-08 00:05:19 UTC,0.134497419,101705944.5,2682261.994
2018-02-09 00:00:00 UTC,0.152876308,115603922.8,86786.85905
2018-02-10 00:00:00 UTC,0.160817811,121609228.4,1173689.894
2018-02-11 00:00:00 UTC,0.149901763,113354594,2177344.441
2018-02-12 00:00:00 UTC,0.138646903,104843753.3,1385461.709
2018-02-13 00:00:00 UTC,0.148732961,112470754.6,1058007.64
2018-02-14 00:00:00 UTC,0.154035062,116480164.1,4963726.349
2018-02-15 00:00:00 UTC,0.162671957,123011319.3,4718173.279
2018-02-16 00:00:00 UTC,0.178419063,134919163.2,2187105.84
2018-02-17 00:00:00 UTC,0.189378078,143206288.8,3163859.458
2018-02-18 00:00:00 UTC,0.21727438,164301264,8228875.851
2018-02-19 00:00:00 UTC,0.197521916,149364598.2,4827127.229
2018-02-20 00:00:00 UTC,0.244864856,185164976.4,12232393.76
2018-02-21 00:00:00 UTC,0.212765079,160891364.6,14006119.63
2018-02-22 00:00:00 UTC,0.179487851,135727372.9,2522465.21
2018-02-23 00:00:00 UTC,0.178947114,135318471.7,2537339.904
2018-02-24 00:00:00 UTC,0.184169263,139267421.6,2344489.317
2018-02-25 00:00:00 UTC,0.169694893,128322011.5,1712246.272
2018-02-26 00:00:00 UTC,0.180848454,136756250.6,2440922.784
2018-02-27 00:00:00 UTC,0.190391415,143972566.5,9317638.25
2018-02-28 00:00:00 UTC,0.189054798,142961827.3,3815795.47
2018-03-01 00:00:00 UTC,0.185600775,140349920.5,3795389.596
2018-03-02 00:00:00 UTC,0.180338699,136370778.3,3336537.446
2018-03-03 00:00:00 UTC,0.189142301,143027995.8,3226612.67
2018-03-04 00:00:00 UTC,0.187237246,141587407.9,3029348.632
2018-03-05 00:00:00 UTC,0.178775764,135188898.1,2935740.053
2018-03-06 00:00:00 UTC,0.175835245,132965300,2221510.104
2018-03-07 00:00:00 UTC,0.162505468,122885421.5,2169322.024
2018-03-08 00:00:00 UTC,0.150831879,114057941,5086023.015
2018-03-09 00:00:00 UTC,0.13284039,100452911.5,2401116.281
2018-03-10 00:00:00 UTC,0.136079977,102902663,3859743.116
2018-03-11 00:00:00 UTC,0.128996373,97546094.21,2347355.314
2018-03-12 00:00:00 UTC,0.144516627,109282394.2,2886523.648
2018-03-13 00:00:00 UTC,0.137313121,103835157.1,2946559.98
2018-03-14 00:00:00 UTC,0.135005901,102090454.7,2547229.49
2018-03-15 00:00:00 UTC,0.115577381,87398753.09,2157481.06
2018-03-16 00:00:00 UTC,0.10758794,81357196.89,5403735.697
2018-03-17 00:00:00 UTC,0.120620319,91212184.58,8214708.392
2018-03-18 00:00:00 UTC,0.106536762,80562304.34,8062375.596
2018-03-19 00:00:00 UTC,0.105392505,79697025.21,7184828.963
2018-03-20 00:00:00 UTC,0.111665554,84440658.07,7849130.238
2018-03-21 00:00:00 UTC,0.119187629,90128795.09,7410848.555
2018-03-22 00:00:00 UTC,0.124449325,94107650.42,10031539.84
2018-03-23 00:00:00 UTC,0.115832638,87591776.39,7600175.11
2018-03-24 00:00:00 UTC,0.115052084,87001526.91,7933819.873
2018-03-25 00:00:00 UTC,0.123609981,93472945.25,9002778.097
2018-03-26 00:00:00 UTC,0.130200716,98456809.25,20071386.79
2018-03-27 00:00:00 UTC,0.131750934,99629072.42,19177506.98
2018-03-28 00:00:00 UTC,0.126359346,95551993.99,12964502.91
2018-03-29 00:00:00 UTC,0.126663424,95781935.84,9777700.608
2018-03-30 00:00:00 UTC,0.104989562,79392323.32,7650207.952
2018-03-31 00:00:00 UTC,0.103983468,78631522.02,7792969.757
2018-04-01 00:00:00 UTC,0.10130366,76605071.12,7169671.268
2018-04-02 00:00:00 UTC,0.095163535,71961954.77,6414472.555
2018-04-03 00:00:00 UTC,0.097416937,73665960.56,6699227.14
2018-04-04 00:00:00 UTC,0.105700996,79930303.77,7740263.008
2018-04-05 00:00:00 UTC,0.091026259,68833377.75,6390253.039
2018-04-06 00:00:00 UTC,0.090222854,68225848.32,6713871.752
2018-04-07 00:00:00 UTC,0.09581191,72452250.89,13326070.83
2018-04-08 00:00:00 UTC,0.094349519,71346401.78,9263809.321
2018-04-09 00:00:00 UTC,0.110273451,83387960.63,9138569.522
2018-04-10 00:00:00 UTC,0.097762015,73926906.22,12073927.82
2018-04-11 00:00:00 UTC,0.095471288,72194675.22,10369203.47
2018-04-12 00:00:00 UTC,0.098905965,74791952.29,9788310.878
2018-04-13 00:00:00 UTC,0.109807444,83035569.43,11327754.95
2018-04-14 00:00:00 UTC,0.110219953,83347505.47,11443219.59
2018-04-15 00:00:00 UTC,0.110128803,83278578.7,6832159.349
2018-04-16 00:00:00 UTC,0.119027602,90007784.19,9830931.545
2018-04-17 00:00:00 UTC,0.113567974,85879254.01,11290569.49
2018-04-18 00:00:00 UTC,0.116523236,88114001.38,10670488.9
2018-04-19 00:00:00 UTC,0.126560669,95704233.07,12619324.64
2018-04-20 00:00:00 UTC,0.131151968,99176139,11684721.66
2018-04-21 00:00:00 UTC,0.135287498,102303396.1,12182546.01
2018-04-22 00:00:00 UTC,0.132198801,99967746.82,10388324.23
2018-04-23 00:00:00 UTC,0.137707934,104133712,11452202.93
2018-04-24 00:00:00 UTC,0.144354112,109159502.1,12042047.84
2018-04-25 00:00:00 UTC,0.159393797,120532399.4,14139686.49
2018-04-26 00:00:00 UTC,0.13629867,103068036.5,11101053.78
2018-04-27 00:00:00 UTC,0.148893055,112591817,11919487.19
2018-04-28 00:00:00 UTC,0.145399948,109950355.2,13587898.82
2018-04-29 00:00:00 UTC,0.15274439,115504167.8,11581711.04
2018-04-30 00:00:00 UTC,0.159768724,120815916.5,13723948.9
2018-05-01 00:00:00 UTC,0.160704231,121523340.1,16518545.25
2018-05-02 00:00:00 UTC,0.155658072,117707471.9,13418021.99
2018-05-03 00:00:00 UTC,0.156898257,118645290.4,12922876.85
2018-05-04 00:00:00 UTC,0.170787461,129148203.4,5422583.543
2018-05-05 00:00:00 UTC,0.171415188,129622885.4,15299707.68
2018-05-06 00:00:00 UTC,0.163921544,123956247.6,14358118.94
2018-05-07 00:00:00 UTC,0.155181043,117346746.6,15426969.76
2018-05-08 00:00:00 UTC,0.155935374,117917165.7,13771824.49
2018-05-09 00:00:00 UTC,0.151538867,114592559.9,12207058.54
2018-05-10 00:00:00 UTC,0.149045439,112707048.5,8939218.902
2018-05-11 00:00:00 UTC,0.153208038,115854774.9,9803525.301
2018-05-12 00:00:00 UTC,0.136637582,103324319.4,6576152.091
2018-05-13 00:00:00 UTC,0.138885649,105024291.2,3495819.636
2018-05-14 00:00:00 UTC,0.148032203,111940846.5,4375045.373
2018-05-15 00:00:00 UTC,0.143038247,108164454.8,5841200.302
2018-05-16 00:00:00 UTC,0.138417431,104670228.4,3743096.036
2018-05-17 00:00:00 UTC,0.138918398,105049055.3,3511957.152
2018-05-18 00:00:00 UTC,0.127944487,96750665.63,2871025.851
2018-05-19 00:00:00 UTC,0.133985394,101318754.8,2482441.354
2018-05-20 00:00:00 UTC,0.136897254,103520681.5,4246894.117
2018-05-21 00:00:00 UTC,0.140618547,106334695.7,2395765.105
2018-05-22 00:00:00 UTC,0.140343291,106126549.2,2827022.864
2018-05-23 00:00:00 UTC,0.131207558,99218175.81,2658340.665
2018-05-24 00:00:00 UTC,0.115808706,87573678.96,3014901.999
2018-05-25 00:00:00 UTC,0.119459632,90334482.17,2990243.471
2018-05-26 00:00:00 UTC,0.114428396,86529898.92,1878135.755
2018-05-27 00:00:00 UTC,0.113403885,85755171.03,2258551.054
2018-05-28 00:00:00 UTC,0.111201151,84089480.61,1580897.242
2018-05-29 00:00:00 UTC,0.097971442,74085273.1,1752231.315
2018-05-30 00:00:00 UTC,0.104412432,78955901.44,2287742.252
2018-05-31 00:00:00 UTC,0.105084385,79464027.69,3877447.065
2018-06-01 00:00:00 UTC,0.107706647,81446962.73,3934137.126
2018-06-02 00:00:00 UTC,0.104029012,78665962.52,5910249.398
2018-06-03 00:00:00 UTC,0.105832017,80029381.51,8024476.114
2018-06-04 00:00:00 UTC,0.105639377,79883708.5,6474118.565
2018-06-05 00:00:00 UTC,0.097582292,73791000.43,7261468.638
2018-06-06 00:00:00 UTC,0.098805746,74716167.36,9570385.106
2018-06-07 00:00:00 UTC,0.096141304,72701336.67,3894325.821
2018-06-08 00:00:00 UTC,0.112991677,85443462.5,15128912.16
2018-06-09 00:00:00 UTC,0.104768841,79225415.33,5673462.654
2018-06-10 00:00:00 UTC,0.101792373,76974632.31,3198622.734
2018-06-11 00:00:00 UTC,0.087493918,66162247.91,2612207.747
2018-06-12 00:00:00 UTC,0.088132248,66644948.31,1966617.002
2018-06-13 00:00:00 UTC,0.08490164,64201986.13,2865609.084
2018-06-14 00:00:00 UTC,0.075649422,57205527.88,1893850.726
2018-06-15 00:00:00 UTC,0.081535453,61656501.25,2230378.394
2018-06-16 00:00:00 UTC,0.075791117,57312677.22,1466918.51
2018-06-17 00:00:00 UTC,0.077591991,58674484.2,1209181.575
2018-06-18 00:00:00 UTC,0.075271661,56919868.35,1447121.051
2018-06-19 00:00:00 UTC,0.073860375,55852664.55,2798604.886
2018-06-20 00:00:00 UTC,0.072229812,54619644.83,1663086.487
2018-06-21 00:00:00 UTC,0.069886949,52847989.24,1639265.359
2018-06-22 00:00:00 UTC,0.068436926,51751492.21,1485057.675
2018-06-23 00:00:00 UTC,0.057395756,43402242.51,1912083.945
2018-06-24 00:00:00 UTC,0.055961914,42317981.97,1700999.871
2018-06-25 00:00:00 UTC,0.055767868,42171245.18,1615723.066
2018-06-26 00:00:00 UTC,0.056961117,43073571.2,1863035.778
2018-06-27 00:00:00 UTC,0.054203653,40988398.01,1118696.196
2018-06-28 00:00:00 UTC,0.05361835,40545795.99,1413941.06
2018-06-29 00:00:00 UTC,0.050387697,38102800.58,1215717.703
2018-06-30 00:00:00 UTC,0.050940863,38521100.58,1743188.194
2018-07-01 00:00:00 UTC,0.056570878,42778475.53,3350453.959
2018-07-02 00:00:00 UTC,0.056982348,43089626.28,1468737.583
2018-07-03 00:00:00 UTC,0.063055123,47681813.37,1853612.054
2018-07-04 00:00:00 UTC,0.060171555,45501280.97,1964800.299
2018-07-05 00:00:00 UTC,0.063566313,48068371.38,1856020.127
2018-07-06 00:00:00 UTC,0.062161068,47005735.97,1761012.942
2018-07-07 00:00:00 UTC,0.060888717,46043593,1704382.917
2018-07-08 00:00:00 UTC,0.065303486,49382008.91,3101587.078
2018-07-09 00:00:00 UTC,0.064243174,48580208.58,2171187.288
2018-07-10 00:00:00 UTC,0.065888727,49824563.82,2355321.994
2018-07-11 00:00:00 UTC,0.062153897,47000312.72,3274984.45
2018-07-12 00:00:00 UTC,0.060989905,46120111.25,2160049.051
2018-07-13 00:00:00 UTC,0.058423388,44179330.15,3856700.054
2018-07-14 00:00:00 UTC,0.058484103,44225242.14,3611948.916
2018-07-15 00:00:00 UTC,0.056967625,43078492.96,2743795.503
2018-07-16 00:00:00 UTC,0.058356739,44128930.14,2797037.352
2018-07-17 00:00:00 UTC,0.06140512,46434093.34,2930013.003
2018-07-18 00:00:00 UTC,0.06586651,49807762.82,2402521.161
2018-07-19 00:00:00 UTC,0.063458125,47986560.24,2682022.112
2018-07-20 00:00:00 UTC,0.060290837,45591481.19,1864595.993
2018-07-21 00:00:00 UTC,0.05730092,43330528.29,1529480.545
2018-07-22 00:00:00 UTC,0.059617998,45082685.35,1280085.344
2018-07-23 00:00:00 UTC,0.058100337,43935041.43,2103169.697
2018-07-24 00:00:00 UTC,0.054614154,41298815.45,1455721.039
2018-07-25 00:00:00 UTC,0.062575804,47319356.12,11727930.45
2018-07-26 00:00:00 UTC,0.061292763,46624947.02,5638059.527
2018-07-27 00:00:00 UTC,0.060211507,45802443.81,1525393
2018-07-28 00:00:00 UTC,0.060837394,46278551.61,1392016.244
2018-07-29 00:00:00 UTC,0.06241388,47496496.59,1712070.157
2018-07-30 00:00:00 UTC,0.063173934,48074892.53,1975729.086
2018-07-31 00:00:00 UTC,0.060754912,46234034.59,1622441.964
2018-08-01 00:00:00 UTC,0.05647528,42977266.2,1723470.246
2018-08-02 00:00:00 UTC,0.054218989,41260245.78,1547220.611
2018-08-03 00:00:00 UTC,0.050962929,38782408.16,1121434.397
2018-08-04 00:00:00 UTC,0.049612693,37754888.8,2037152.589
2018-08-05 00:00:00 UTC,0.047822812,36392803.23,1119548.618
2018-08-06 00:00:00 UTC,0.049021216,37304779.21,906906.3565
2018-08-07 00:00:00 UTC,0.047350179,36033132.76,938556.8691
2018-08-08 00:00:00 UTC,0.048221011,36695829.23,1649463.57
2018-08-09 00:00:00 UTC,0.043211111,32883332.92,1060194.91
2018-08-10 00:00:00 UTC,0.045109809,34328228.13,1632973.181
2018-08-11 00:00:00 UTC,0.040816103,35142360.02,982979.5777
2018-08-12 00:00:00 UTC,0.03992664,34376538.58,1028659.885
2018-08-13 00:00:00 UTC,0.040042428,34476231.55,1310460.151
2018-08-14 00:00:00 UTC,0.036725094,31620031.63,1189696.52
2018-08-15 00:00:00 UTC,0.0352994,30392519.86,1406143.449
2018-08-16 00:00:00 UTC,0.037220264,32128920.53,1320483.342
2018-08-17 00:00:00 UTC,0.038478898,33130043.53,975245.3187
2018-08-18 00:00:00 UTC,0.042469504,36565925.53,1299079.518
2018-08-19 00:00:00 UTC,0.039347562,33885366.01,1632591.785
2018-08-20 00:00:00 UTC,0.039679955,34162325.17,1234394.857
2018-08-21 00:00:00 UTC,0.035618894,30667461.34,1347192.305
2018-08-22 00:00:00 UTC,0.037262363,32069518.34,1312662.278
2018-08-23 00:00:00 UTC,0.035139398,30252621.46,1339556.713
2018-08-24 00:00:00 UTC,0.036357683,31303693.47,1056185.839
2018-08-25 00:00:00 UTC,0.037694892,32474382.2,1418713.52
2018-08-26 00:00:00 UTC,0.03768724,32449810.77,1563338.042
2018-08-27 00:00:00 UTC,0.037611269,32383021.68,1332172.473
2018-08-28 00:00:00 UTC,0.040315181,34624332.96,1333926.324
2018-08-29 00:00:00 UTC,0.044451851,38272711.83,1566132.868
2018-08-30 00:00:00 UTC,0.042190981,36326008.66,1113828.075
2018-08-31 00:00:00 UTC,0.042814558,36863014.61,1040828.992
2018-09-01 00:00:00 UTC,0.043591849,37533585.98,936904.4106
2018-09-02 00:00:00 UTC,0.047278561,40706559.86,1209895.313
2018-09-03 00:00:00 UTC,0.045815046,39436972.69,950907.06
2018-09-04 00:00:00 UTC,0.046437344,39958740.19,822532.8091
2018-09-05 00:00:00 UTC,0.050084636,43122726.03,1928587.276
2018-09-06 00:00:00 UTC,0.042102079,36281159.5,1227357.615
2018-09-07 00:00:00 UTC,0.047907546,41329613.47,4566028.229
2018-09-08 00:00:00 UTC,0.045458213,39150487.93,2120852.818
2018-09-09 00:00:00 UTC,0.040567374,34934945.42,1348841.12
2018-09-10 00:00:00 UTC,0.038206681,32946214.3,1175780.02
2018-09-11 00:00:00 UTC,0.039349192,33761596.13,863520.8373
2018-09-12 00:00:00 UTC,0.03816027,32862954.87,981823.0543
2018-09-13 00:00:00 UTC,0.036607229,31524569.77,834427.0968
2018-09-14 00:00:00 UTC,0.041063262,35361978.22,734274.715
2018-09-15 00:00:00 UTC,0.039955529,34438558.72,735425.0505
2018-09-16 00:00:00 UTC,0.042478448,36581083.96,1115665.933
2018-09-17 00:00:00 UTC,0.042214003,36352948.79,520265.9533
2018-09-18 00:00:00 UTC,0.039461485,33983138.08,1430787.373
2018-09-19 00:00:00 UTC,0.040441343,34824375.3,1879307.075
2018-09-20 00:00:00 UTC,0.040114014,34544525.22,1489312.963
2018-09-21 00:00:00 UTC,0.041238292,35512707.01,1864588.534
2018-09-22 00:00:00 UTC,0.043564222,37515701.87,1596085.161
2018-09-23 00:00:00 UTC,0.044525562,38343567.33,1964913.717
2018-09-24 00:00:00 UTC,0.04388436,37830122.83,1127060.318
2018-09-25 00:00:00 UTC,0.04142077,35674202.9,1167807.273
2018-09-26 00:00:00 UTC,0.040522742,34896505.32,1341031.02
2018-09-27 00:00:00 UTC,0.040603616,34987013.97,1689600.458
2018-09-28 00:00:00 UTC,0.043630163,37569784.62,1278597.259
2018-09-29 00:00:00 UTC,0.067215126,57894911.06,47697186.54
2018-09-30 00:00:00 UTC,0.061744861,53225601.36,12044930.17
2018-10-01 00:00:00 UTC,0.059625459,51346973.22,3373632.581
2018-10-02 00:00:00 UTC,0.057677076,49684148.08,2941227.321
2018-10-03 00:00:00 UTC,0.056055393,48272579.94,2531120.215
2018-10-04 00:00:00 UTC,0.055792483,48448096.95,2761587.443
2018-10-05 00:00:00 UTC,0.054923748,47298054.61,2875107.419
2018-10-06 00:00:00 UTC,0.056688029,48807584.14,3044072.108
2018-10-07 00:00:00 UTC,0.054154696,46632006.6,887571.1799
2018-10-08 00:00:00 UTC,0.054240749,46709884.01,844913.3483
2018-10-09 00:00:00 UTC,0.05425663,46722934.97,838908.6021
2018-10-10 00:00:00 UTC,0.053247612,45921380.27,932283.2246
2018-10-11 00:00:00 UTC,0.054341583,46784319.15,1534246.803
2018-10-12 00:00:00 UTC,0.045652027,39264770.81,1743140.958
2018-10-13 00:00:00 UTC,0.048375893,41734557.67,1706784.412
2018-10-14 00:00:00 UTC,0.048727706,41962280.18,1054240.508
2018-10-15 00:00:00 UTC,0.049745324,42878263.16,2759330.225
2018-10-16 00:00:00 UTC,0.049498477,42540761.91,1564750.087
2018-10-17 00:00:00 UTC,0.049607827,42688613.48,933745.4677
2018-10-18 00:00:00 UTC,0.049042115,42197400.02,1267811.692
2018-10-19 00:00:00 UTC,0.048063574,41394910.3,1234304.167
2018-10-20 00:00:00 UTC,0.048662206,41906945.33,819231.0478
2018-10-21 00:00:00 UTC,0.054348739,46708412.2,9117576.766
2018-10-22 00:00:00 UTC,0.050007994,43107366.85,4597096.234
2018-10-23 00:00:00 UTC,0.051436368,44388543.67,1200402.158
2018-10-24 00:00:00 UTC,0.050464308,43457769.95,1178610.296
2018-10-25 00:00:00 UTC,0.0534553,46030782.05,6708893.304
2018-10-26 00:00:00 UTC,0.050449754,43451420.49,2001772.09
2018-10-27 00:00:00 UTC,0.049493539,42618871.26,1612216.28
2018-10-28 00:00:00 UTC,0.048712865,41950388.42,632356.862
2018-10-29 00:00:00 UTC,0.049724667,42821950.72,645015.5658
2018-10-30 00:00:00 UTC,0.046150203,39743477.9,970760.357
2018-10-31 00:00:00 UTC,0.047807855,41147725.43,893145.1463
2018-11-01 00:00:00 UTC,0.049750666,42842050.88,898958.0026
2018-11-02 00:00:00 UTC,0.051491807,44355432.35,1771344.658
2018-11-03 00:00:00 UTC,0.049845431,42928218.8,1553347.109
2018-11-04 00:00:00 UTC,0.049166765,42337844.84,794662.8124
2018-11-05 00:00:00 UTC,0.048464533,41732498.64,1027750.43
2018-11-06 00:00:00 UTC,0.047902955,41252052.88,636562.3826
2018-11-07 00:00:00 UTC,0.04850103,41750875.65,441458.3317
2018-11-08 00:00:00 UTC,0.04973686,42576599.2,542162.3671
2018-11-09 00:00:00 UTC,0.04967366,42888941.47,1440499.084
2018-11-10 00:00:00 UTC,0.049916725,43023039.91,2844445.593
2018-11-11 00:00:00 UTC,0.053581556,46019769.78,2557015.411
2018-11-12 00:00:00 UTC,0.049508961,42635064.47,623281.3369
2018-11-13 00:00:00 UTC,0.05015091,43187884.45,2875182.303
2018-11-14 00:00:00 UTC,0.049285625,42675251.76,982992.6545
2018-11-15 00:00:00 UTC,0.041090677,35385587.01,1712062.544
2018-11-16 00:00:00 UTC,0.040553615,34847606.53,1309484.148
2018-11-17 00:00:00 UTC,0.039180349,33705318.8,1521524.959
2018-11-18 00:00:00 UTC,0.037790106,32514450.04,1583814.101
2018-11-19 00:00:00 UTC,0.039693314,34196565.72,510310.9862
2018-11-20 00:00:00 UTC,0.030352127,26176943.4,1172385.811
2018-11-21 00:00:00 UTC,0.02845408,24448292.9,1052533.841
2018-11-22 00:00:00 UTC,0.029976378,25799860.33,1586594.474
2018-11-23 00:00:00 UTC,0.028082374,24322986.11,455560.4006
2018-11-24 00:00:00 UTC,0.028012342,24123067.26,608613.2277
2018-11-25 00:00:00 UTC,0.024086203,20742039.41,1401380.35
2018-11-26 00:00:00 UTC,0.024333612,20955097.48,656916.5454
2018-11-27 00:00:00 UTC,0.022511102,19495486.2,328944.3192
2018-11-28 00:00:00 UTC,0.022933779,19765111.22,229758.2963
2018-11-29 00:00:00 UTC,0.027082921,23322322.58,2377961.061
2018-11-30 00:00:00 UTC,0.027304839,23589828.36,1251021.722
2018-12-01 00:00:00 UTC,0.025881273,22233024.42,3597953.751
2018-12-02 00:00:00 UTC,0.030170302,25971370.88,2453800.768
2018-12-03 00:00:00 UTC,0.028369767,24408178.22,2059645.913
2018-12-04 00:00:00 UTC,0.026912362,23231514.68,1142843.205
2018-12-05 00:00:00 UTC,0.027769643,23832580.03,1943435.761
2018-12-06 00:00:00 UTC,0.026435507,22789505.6,1529371.306
2018-12-07 00:00:00 UTC,0.023519991,20315427.93,1272143.31
2018-12-08 00:00:00 UTC,0.025783574,22328420.09,1635893.304
2018-12-09 00:00:00 UTC,0.026329714,22693568.86,1318778.929
2018-12-10 00:00:00 UTC,0.027099584,23394604.86,1380127.872
2018-12-11 00:00:00 UTC,0.03222748,27770421.94,2538819.669
2018-12-12 00:00:00 UTC,0.029044644,24965761.96,3416599.028
2018-12-13 00:00:00 UTC,0.028666604,24681415.8,714927.7332
2018-12-14 00:00:00 UTC,0.028157157,24240643.87,937461.2157
2018-12-15 00:00:00 UTC,0.027866868,24110141.46,1020265.395
2018-12-16 00:00:00 UTC,0.028567304,24603837.09,658876.0935
2018-12-17 00:00:00 UTC,0.032476236,28037383.81,5894098.972
2018-12-18 00:00:00 UTC,0.033327823,28700539.58,2029063.221
2018-12-19 00:00:00 UTC,0.036000594,31002218.82,2204003.447
2018-12-20 00:00:00 UTC,0.03520042,30333454.28,1599945.575
2018-12-21 00:00:00 UTC,0.040685679,34964694.52,1626192.055
2018-12-22 00:00:00 UTC,0.042045959,36211138.2,3851318.868
2018-12-23 00:00:00 UTC,0.041768941,35947909.46,1078208.603
2018-12-24 00:00:00 UTC,0.04261742,36708969.37,868303.6389
2018-12-25 00:00:00 UTC,0.044208135,37998194.72,920106.8177
2018-12-26 00:00:00 UTC,0.03809037,32819505.44,631480.6765
2018-12-27 00:00:00 UTC,0.039986408,34434636.79,621420.4085
2018-12-28 00:00:00 UTC,0.04020831,34607469.96,3208405.366
2018-12-29 00:00:00 UTC,0.041757946,35949245.72,1038808.318
2018-12-30 00:00:00 UTC,0.042261213,36621749.04,576751.7537
2018-12-31 00:00:00 UTC,0.039836651,34305672.16,600321.786
2019-01-01 00:00:00 UTC,0.037041216,31869504.2,761590.3584
2019-01-02 00:00:00 UTC,0.040132112,34351379.46,722327.4304
2019-01-03 00:00:00 UTC,0.040356496,34753740.39,688461.8158
2019-01-04 00:00:00 UTC,0.038353248,33023240.48,573038.3648
2019-01-05 00:00:00 UTC,0.03829294,32977415.53,343987.3708
2019-01-06 00:00:00 UTC,0.036845062,31734110.43,399664.7819
2019-01-07 00:00:00 UTC,0.038553895,33083685.6,441348.4846
2019-01-08 00:00:00 UTC,0.03817884,32853607.11,384961.3573
2019-01-09 00:00:00 UTC,0.03829913,32990030.72,1298398.139
2019-01-10 00:00:00 UTC,0.038651724,33299453.17,994657.224
2019-01-11 00:00:00 UTC,0.03280785,28254582.61,720278.1478
2019-01-12 00:00:00 UTC,0.033903758,29201596.09,567630.6513
2019-01-13 00:00:00 UTC,0.035655662,30586905.86,3193369.866
2019-01-14 00:00:00 UTC,0.032384589,27893122.56,1211834.983
2019-01-15 00:00:00 UTC,0.033987368,29305103.99,508260.9016
2019-01-16 00:00:00 UTC,0.03416868,29459373.2,920236.8273
2019-01-17 00:00:00 UTC,0.033898075,29167966.35,672037.9316
2019-01-18 00:00:00 UTC,0.035166687,30287945.18,856707.4586
2019-01-19 00:00:00 UTC,0.03334599,28725965.57,895687.8248
2019-01-20 00:00:00 UTC,0.033878932,29177384.78,417499.0105
2019-01-21 00:00:00 UTC,0.032639423,28146175.11,622430.9196
2019-01-22 00:00:00 UTC,0.033214316,28611538.2,1034814.621
2019-01-23 00:00:00 UTC,0.034444737,29674765.84,485633.7746
2019-01-24 00:00:00 UTC,0.034313841,29561483.22,826028.4073
2019-01-25 00:00:00 UTC,0.034480871,29722733.86,413709.9952
2019-01-26 00:00:00 UTC,0.034469215,29712685.89,270197.9537
2019-01-27 00:00:00 UTC,0.033688281,29038683.94,245141.3115
2019-01-28 00:00:00 UTC,0.032112482,27707653.87,1075964.937
2019-01-29 00:00:00 UTC,0.029132976,25112814,1688778.138
2019-01-30 00:00:00 UTC,0.031510102,27172609.78,2553757.294
2019-01-31 00:00:00 UTC,0.031633855,27274228.26,4029534.684
2019-02-01 00:00:00 UTC,0.028791846,24823715.5,2696538.952
2019-02-02 00:00:00 UTC,0.028775147,24821353.47,714381.1591
2019-02-03 00:00:00 UTC,0.028371116,24330084.62,280810.6293
2019-02-04 00:00:00 UTC,0.028209927,24267478.73,230961.6229
2019-02-05 00:00:00 UTC,0.028143888,24265059.38,246973.0322
2019-02-06 00:00:00 UTC,0.027795701,23964860.47,262716.7022
2019-02-07 00:00:00 UTC,0.025057226,21603805.6,709071.562
2019-02-08 00:00:00 UTC,0.0265718,22909639.22,562327.6074
2019-02-09 00:00:00 UTC,0.028728303,24716185.22,603288.775
2019-02-10 00:00:00 UTC,0.028058962,24188509.46,353590.7652
2019-02-11 00:00:00 UTC,0.030092591,25903233.16,909464.5155
2019-02-12 00:00:00 UTC,0.030933188,26673028.25,3440563.026
2019-02-13 00:00:00 UTC,0.030633202,26411722.2,2182780.846
2019-02-14 00:00:00 UTC,0.030478315,26280801,777822.1536
2019-02-15 00:00:00 UTC,0.030735865,26516223.8,1004035.091
2019-02-16 00:00:00 UTC,0.031125883,26839184.63,1063234.541
2019-02-17 00:00:00 UTC,0.030608394,26399040.01,1423502.559
2019-02-18 00:00:00 UTC,0.033036035,28469739.45,978042.444
2019-02-19 00:00:00 UTC,0.034941065,30128935.13,3244385.69
2019-02-20 00:00:00 UTC,0.034801538,30008623.55,886622.9553
2019-02-21 00:00:00 UTC,0.037033843,31933492.58,3639286.647
2019-02-22 00:00:00 UTC,0.037107432,31982613.67,1794582.804
2019-02-23 00:00:00 UTC,0.03922338,33884476.36,3131086.506
2019-02-24 00:00:00 UTC,0.039328448,33931746,2069026.246
2019-02-25 00:00:00 UTC,0.036087072,31299208.09,1946627.441
2019-02-26 00:00:00 UTC,0.076489491,68014572.3,51599437.77
2019-02-27 00:00:00 UTC,0.084332682,72643851.92,112022577.5
2019-02-28 00:00:00 UTC,0.074034985,64023418.5,34968036.96
2019-03-01 00:00:00 UTC,0.081876804,70783793.18,41167622
2019-03-02 00:00:00 UTC,0.077233543,66476265.01,12208966.94
2019-03-03 00:00:00 UTC,0.083162809,71753592.39,18604001.88
2019-03-04 00:00:00 UTC,0.081147329,69949108.93,17285919.95
2019-03-05 00:00:00 UTC,0.077236889,66640657.47,9743979.701
2019-03-06 00:00:00 UTC,0.101889862,88094757.94,46737522.33
2019-03-07 00:00:00 UTC,0.098300637,84830579.72,35438806.39
2019-03-08 00:00:00 UTC,0.101368327,87481972.53,22985597.31
2019-03-09 00:00:00 UTC,0.209949007,180866382.4,314735757.1
2019-03-10 00:00:00 UTC,0.203413808,175595135.9,228818595.3
2019-03-11 00:00:00 UTC,0.194482159,168465203.8,104790210.8
2019-03-12 00:00:00 UTC,0.160311007,137339059.9,147636341.5
2019-03-13 00:00:00 UTC,0.186506789,158567660.3,122720664.1
2019-03-14 00:00:00 UTC,0.173593806,149622622.4,58595445.65
2019-03-15 00:00:00 UTC,0.165471074,143112855.8,26150727.66
2019-03-16 00:00:00 UTC,0.17264882,147032738.6,20243912.75
2019-03-17 00:00:00 UTC,0.164852496,142924906.6,16881138.18
2019-03-18 00:00:00 UTC,0.166676505,144531058.8,16546337.07
2019-03-19 00:00:00 UTC,0.199371034,172869473.3,103610166.1
2019-03-20 00:00:00 UTC,0.187715533,162728546.5,34840792.81
2019-03-21 00:00:00 UTC,0.187326535,162413896.7,21918286.34
2019-03-22 00:00:00 UTC,0.188924937,163807094.2,29919020.32
2019-03-23 00:00:00 UTC,0.188209746,163179626.5,35203428.66
2019-03-24 00:00:00 UTC,0.183659393,159346626.9,14808184.4
2019-03-25 00:00:00 UTC,0.183423192,159014530.5,19946255.07
2019-03-26 00:00:00 UTC,0.168916765,146690914.7,25174652.6
2019-03-27 00:00:00 UTC,0.164840234,142937137.5,18443216.23
2019-03-28 00:00:00 UTC,0.16727269,145187500.2,15698587.65
2019-03-29 00:00:00 UTC,0.165520246,143509906,10823648.08
2019-03-30 00:00:00 UTC,0.158720862,137235460,14386089.11
2019-03-31 00:00:00 UTC,0.150003951,129984480.9,17244592.95
2019-04-01 00:00:00 UTC,0.151250506,130981008.8,21729934.18
2019-04-02 00:00:00 UTC,0.149367617,129472565.7,15143852.31
2019-04-03 00:00:00 UTC,0.150015462,130046313.1,24962817.33
2019-04-04 00:00:00 UTC,0.147800277,128154502.3,25217436.72
2019-04-05 00:00:00 UTC,0.162785321,140985062.4,57415814.18
2019-04-06 00:00:00 UTC,0.154971354,134344368,23887913.9
2019-04-07 00:00:00 UTC,0.151649802,131568994.9,18516591.29
2019-04-08 00:00:00 UTC,0.152985422,132360297,13443727.2
2019-04-09 00:00:00 UTC,0.146033592,126620227.6,16715828.51
2019-04-10 00:00:00 UTC,0.150345462,130236786.1,32258238.88
2019-04-11 00:00:00 UTC,0.148336471,128712370.4,15435560.66
2019-04-12 00:00:00 UTC,0.137028532,118679048.7,15908885.66
2019-04-13 00:00:00 UTC,0.143383049,124324749.1,19645630.29
2019-04-14 00:00:00 UTC,0.164948809,143663856.8,57276725.67
2019-04-15 00:00:00 UTC,0.161318215,140041836.6,53271723.12
2019-04-16 00:00:00 UTC,0.15167601,131758338.1,27601341.95
2019-04-17 00:00:00 UTC,0.152664619,131821088.4,21928640.83
2019-04-18 00:00:00 UTC,0.171152175,148667764.9,50539449.09
2019-04-19 00:00:00 UTC,0.174905627,151671057.9,40553498.63
2019-04-20 00:00:00 UTC,0.184911402,160392973.9,74228750.55
2019-04-21 00:00:00 UTC,0.198535387,172153924.8,58353741.19
2019-04-22 00:00:00 UTC,0.184675098,160093583.2,39902949.38
2019-04-23 00:00:00 UTC,0.185862725,161160600.2,17606661.26
2019-04-24 00:00:00 UTC,0.17272784,149773342.2,26418093.96
2019-04-25 00:00:00 UTC,0.159037708,137725247.8,22819027.13
2019-04-26 00:00:00 UTC,0.15241794,132146192.7,23643106.23
2019-04-27 00:00:00 UTC,0.154092772,133274695.4,20382780.64
2019-04-28 00:00:00 UTC,0.156478716,135951746.2,15918830.46
2019-04-29 00:00:00 UTC,0.153974942,133941468,13643804.54
2019-04-30 00:00:00 UTC,0.145007918,125543940.8,10672029.36
2019-05-01 00:00:00 UTC,0.148295793,128366899.5,6153249.203
2019-05-02 00:00:00 UTC,0.146455424,126803188,7052199.875
2019-05-03 00:00:00 UTC,0.148910286,129097755.6,6818366.221
2019-05-04 00:00:00 UTC,0.146954182,127483011.9,10663176.29
2019-05-05 00:00:00 UTC,0.141037331,122457627.7,8338188.581
2019-05-06 00:00:00 UTC,0.14463254,125360597.7,5730965.197
2019-05-07 00:00:00 UTC,0.142882828,123898349.1,8888238.104
2019-05-08 00:00:00 UTC,0.135986314,117822003.8,9909437.678
2019-05-09 00:00:00 UTC,0.132509271,114833347.4,8349484.76
2019-05-10 00:00:00 UTC,0.119304769,103461208.2,8360076.13
2019-05-11 00:00:00 UTC,0.136712579,118526697.2,18021535.57
2019-05-12 00:00:00 UTC,0.146056254,127329391.9,27819016.13
2019-05-13 00:00:00 UTC,0.135268957,117209339.2,10012089.25
2019-05-14 00:00:00 UTC,0.134288573,116263561.6,11671987.29
2019-05-15 00:00:00 UTC,0.141508006,123084565.1,17719904.11
2019-05-16 00:00:00 UTC,0.15227077,132732319.2,19174404.33
2019-05-17 00:00:00 UTC,0.148646606,128665280.5,21613049.24
2019-05-18 00:00:00 UTC,0.153792353,133762785.1,23504195.08
2019-05-19 00:00:00 UTC,0.147083923,127491726.2,20611991.61
2019-05-20 00:00:00 UTC,0.15201107,131944122.5,18680035.48
2019-05-21 00:00:00 UTC,0.154009726,134095930.1,16526613.61
2019-05-22 00:00:00 UTC,0.167323244,145378552.8,33076930.46
2019-05-23 00:00:00 UTC,0.154579783,135087540.1,48975791.08
2019-05-24 00:00:00 UTC,0.165403137,144483427.9,23336362.67
2019-05-25 00:00:00 UTC,0.159711315,139116535.4,23213893.67
2019-05-26 00:00:00 UTC,0.165560571,144224886.9,18711594.26
2019-05-27 00:00:00 UTC,0.160059076,139480758.6,20992391.59
2019-05-28 00:00:00 UTC,0.161458701,141024800.3,16619090.63
2019-05-29 00:00:00 UTC,0.165897958,144534102.1,17577246.73
2019-05-30 00:00:00 UTC,0.164235511,143120242,23749631.59
2019-05-31 00:00:00 UTC,0.151031141,131790049.4,19801701.63
2019-06-01 00:00:00 UTC,0.15665687,136544551.3,14341292.49
2019-06-02 00:00:00 UTC,0.152717,132978867.8,14897016.33
2019-06-03 00:00:00 UTC,0.168515777,146495677.1,23508107.63
2019-06-04 00:00:00 UTC,0.153010196,133420021.9,17241006.68
2019-06-05 00:00:00 UTC,0.142227695,123598543.4,15783376.72
2019-06-06 00:00:00 UTC,0.147586295,128589492,13149010.13
2019-06-07 00:00:00 UTC,0.150284878,131012867.3,12411799.85
2019-06-08 00:00:00 UTC,0.154757588,134990622.3,14842008.05
2019-06-09 00:00:00 UTC,0.155209607,135311629.8,11401518.21
2019-06-10 00:00:00 UTC,0.146816015,128000515.7,11184987.15
2019-06-11 00:00:00 UTC,0.151636468,132234938.8,7128522.516
2019-06-12 00:00:00 UTC,0.159241639,138787366.2,20284087.99
2019-06-13 00:00:00 UTC,0.155957994,135830322.6,9037194.743
2019-06-14 00:00:00 UTC,0.149441566,130285184,8133078.141
2019-06-15 00:00:00 UTC,0.150986228,131498456.6,11396763.42
2019-06-16 00:00:00 UTC,0.155996499,135788561.2,8168365.876
2019-06-17 00:00:00 UTC,0.146905116,128453027.8,6709926.396
2019-06-18 00:00:00 UTC,0.145510643,126744512.9,12665220.01
2019-06-19 00:00:00 UTC,0.143067704,124530818.1,18924633.55
2019-06-20 00:00:00 UTC,0.143177906,124786988.6,9114176.384
2019-06-21 00:00:00 UTC,0.136651567,119304384.4,7904217.473
2019-06-22 00:00:00 UTC,0.137545602,119580453.5,5781703.064
2019-06-23 00:00:00 UTC,0.136647161,118949983,10454299.12
2019-06-24 00:00:00 UTC,0.135915582,118585681,6864972.735
2019-06-25 00:00:00 UTC,0.137032011,119718066.5,7775382.327
2019-06-26 00:00:00 UTC,0.144330082,125703022.8,12281772.2
2019-06-27 00:00:00 UTC,0.128174768,112322443.8,12357320.93
2019-06-28 00:00:00 UTC,0.119295813,103841784.2,11565501.03
2019-06-29 00:00:00 UTC,0.130241601,113627016.2,9893755.584
2019-06-30 00:00:00 UTC,0.125375861,109461576,7554835.775
2019-07-01 00:00:00 UTC,0.12293874,107658449.3,10047691.84
2019-07-02 00:00:00 UTC,0.129537137,112579952.4,18324880.4
2019-07-03 00:00:00 UTC,0.12686095,110648383.7,13808666.09
2019-07-04 00:00:00 UTC,0.123492876,106933633.9,7941373.401
2019-07-05 00:00:00 UTC,0.117503713,102673766.5,5392587.835
2019-07-06 00:00:00 UTC,0.115898701,101468522.7,5700430.644
2019-07-07 00:00:00 UTC,0.122942864,108011581.6,6652471.112
2019-07-08 00:00:00 UTC,0.131619911,115192989.7,9565147.544
2019-07-09 00:00:00 UTC,0.121033195,105887949.7,7010665.042
2019-07-10 00:00:00 UTC,0.122999466,107628994,5253546.096
2019-07-11 00:00:00 UTC,0.112369632,98267384.49,8600797.468
2019-07-12 00:00:00 UTC,0.099372812,86905287.54,5816757.886
2019-07-13 00:00:00 UTC,0.106300763,93390673.57,3636254.083
2019-07-14 00:00:00 UTC,0.10267651,90023120.21,2552196.761
2019-07-15 00:00:00 UTC,0.105408379,92394911.06,15843211.6
2019-07-16 00:00:00 UTC,0.102369069,89755616.8,8862784.773
2019-07-17 00:00:00 UTC,0.083013383,72848642.58,7352683.37
2019-07-18 00:00:00 UTC,0.084979412,74373763.28,8107261.964
2019-07-19 00:00:00 UTC,0.088990117,78162184.55,7457645.047
2019-07-20 00:00:00 UTC,0.089250805,77962893.67,4764399.318
2019-07-21 00:00:00 UTC,0.090131459,79052433.56,4657909.165
2019-07-22 00:00:00 UTC,0.088246407,77369991.46,3030161.113
2019-07-23 00:00:00 UTC,0.090165936,78974461.52,4446588.753
2019-07-24 00:00:00 UTC,0.086099674,75140647.9,4217830.396
2019-07-25 00:00:00 UTC,0.086251241,75591528.84,3141767.498
2019-07-26 00:00:00 UTC,0.087447513,76626877.32,3017174.856
2019-07-27 00:00:00 UTC,0.090256031,79178414.06,4156748.36
2019-07-28 00:00:00 UTC,0.083861071,73427712.53,3433024.074
2019-07-29 00:00:00 UTC,0.084873032,74536113.07,2415142.231
2019-07-30 00:00:00 UTC,0.08325059,72746863.79,2476929.733
2019-07-31 00:00:00 UTC,0.089188764,78115621.58,6905552.294
2019-08-01 00:00:00 UTC,0.086795335,76011728.26,5890063.362
2019-08-02 00:00:00 UTC,0.084197675,73788804.93,3178555.588
2019-08-03 00:00:00 UTC,0.083146463,72843142.54,2484506.965
2019-08-04 00:00:00 UTC,0.08248875,72303609.13,1934234.718
2019-08-05 00:00:00 UTC,0.079758906,69817378.23,2727153.594
2019-08-06 00:00:00 UTC,0.077968332,68378921.74,3719651.607
2019-08-07 00:00:00 UTC,0.072092741,63146468.99,3882013.385
2019-08-08 00:00:00 UTC,0.069451111,60628753.51,2904508.551
2019-08-09 00:00:00 UTC,0.068704033,59987966.57,3392710.418
2019-08-10 00:00:00 UTC,0.060627586,53113245.41,3678221.541
2019-08-11 00:00:00 UTC,0.069315609,61004291.92,6656921.377
2019-08-12 00:00:00 UTC,0.072556566,63673726.18,11543276.8
2019-08-13 00:00:00 UTC,0.070929123,61851286.72,6395794.649
2019-08-14 00:00:00 UTC,0.067595837,59263281.06,3644443.323
2019-08-15 00:00:00 UTC,0.059811219,52314173.1,3437157.241
2019-08-16 00:00:00 UTC,0.059909959,52462571.53,2519240.281
2019-08-17 00:00:00 UTC,0.061506421,53896767.64,4547132.705
2019-08-18 00:00:00 UTC,0.064559719,56571711.29,7180012.747
2019-08-19 00:00:00 UTC,0.064073235,56149401.69,4694805.779
2019-08-20 00:00:00 UTC,0.065553547,57443177.55,3404089.038
2019-08-21 00:00:00 UTC,0.065483523,57470561.66,3244632.651
2019-08-22 00:00:00 UTC,0.063772331,55853031.28,4500197.15
2019-08-23 00:00:00 UTC,0.070119942,60776090.3,6796387.06
2019-08-24 00:00:00 UTC,0.071700326,62857924.58,9510649.079
2019-08-25 00:00:00 UTC,0.072254636,63247107.78,9049542.559
2019-08-26 00:00:00 UTC,0.067251454,58905534.96,4774436.529
2019-08-27 00:00:00 UTC,0.066834286,58550135.53,3635569.575
2019-08-28 00:00:00 UTC,0.070435293,61708201.81,4548796.253
2019-08-29 00:00:00 UTC,0.066217108,58024642.29,7916731.377
2019-08-30 00:00:00 UTC,0.063335276,55545431.98,3986713.419
2019-08-31 00:00:00 UTC,0.064116598,56176921.51,121524495.8
2019-09-01 00:00:00 UTC,0.066547512,58314168.37,277084621
2019-09-02 00:00:00 UTC,0.070952472,62179809,50101633.58
2019-09-03 00:00:00 UTC,0.078832268,69030295.33,25038313.66
2019-09-04 00:00:00 UTC,0.074678384,65773252.03,52438930.63
2019-09-05 00:00:00 UTC,0.081065219,71106135.54,30128283.53
2019-09-06 00:00:00 UTC,0.082766569,72626034.54,12521876.35
2019-09-07 00:00:00 UTC,0.080732529,70749241.97,7824097.96
2019-09-08 00:00:00 UTC,0.080155531,70559092.7,5099727.501
2019-09-09 00:00:00 UTC,0.082351513,72100410.38,5116462.851
2019-09-10 00:00:00 UTC,0.077727373,68110885.07,5578416.566
2019-09-11 00:00:00 UTC,0.074973887,65618275.78,4667875.277
2019-09-12 00:00:00 UTC,0.073043435,63967555.53,4924463.71
2019-09-13 00:00:00 UTC,0.070669939,61926455.05,4213675.206
2019-09-14 00:00:00 UTC,0.069234776,60670276.17,2692178.484
2019-09-15 00:00:00 UTC,0.0710055,62181823.84,2429450.464
2019-09-16 00:00:00 UTC,0.072364726,63416191.45,2540924.799
2019-09-17 00:00:00 UTC,0.069598563,60992089.54,3090178.412
2019-09-18 00:00:00 UTC,0.071320117,62525749.77,3112004.359
2019-09-19 00:00:00 UTC,0.073450839,64340206.87,4863273.085
2019-09-20 00:00:00 UTC,0.070915243,62105578.07,4175083.686
2019-09-21 00:00:00 UTC,0.071753651,62888453.24,2882618.203
2019-09-22 00:00:00 UTC,0.070359072,61719074.78,1725686.641
2019-09-23 00:00:00 UTC,0.067821296,59499566.01,3708656.754
2019-09-24 00:00:00 UTC,0.066511839,58357647.05,3667475.702
2019-09-25 00:00:00 UTC,0.055936698,49478497.18,4330666.099
2019-09-26 00:00:00 UTC,0.056312388,49368920.9,3632507.77
2019-09-27 00:00:00 UTC,0.052564483,46080977.22,3555135.785
2019-09-28 00:00:00 UTC,0.054444936,47729462.93,6287261.557
2019-09-29 00:00:00 UTC,0.056867696,49811988.52,13086172.8
2019-09-30 00:00:00 UTC,0.055393574,48680049.53,3321405.148
2019-10-01 00:00:00 UTC,0.057103091,50054227.89,3191867.331
2019-10-02 00:00:00 UTC,0.058118771,50892386.5,19264364.8
2019-10-03 00:00:00 UTC,0.058052849,50890684.08,19241877.12
2019-10-04 00:00:00 UTC,0.064563288,56590943.58,11970768.09
2019-10-05 00:00:00 UTC,0.063845112,55647021.38,12038747.36
2019-10-06 00:00:00 UTC,0.066288917,57985588.53,5173916.146
2019-10-07 00:00:00 UTC,0.06079821,53299141.32,9735115.245
2019-10-08 00:00:00 UTC,0.064496083,56523138.1,4796484.187
2019-10-09 00:00:00 UTC,0.06630156,58074554.87,4354340.342
2019-10-10 00:00:00 UTC,0.064656397,56680492.98,4112412.783
2019-10-11 00:00:00 UTC,0.063665292,55812569.06,2317392.339
2019-10-12 00:00:00 UTC,0.061591281,53964632.34,2181448.314
2019-10-13 00:00:00 UTC,0.063286703,55532651.24,2219416.447
2019-10-14 00:00:00 UTC,0.063440416,55593647.77,1319066.508
2019-10-15 00:00:00 UTC,0.063310855,55500813.14,1575147.756
2019-10-16 00:00:00 UTC,0.061049394,53548353.65,2449784.937
2019-10-17 00:00:00 UTC,0.057974354,51289456.67,1886651.331
2019-10-18 00:00:00 UTC,0.058126343,51302909.63,1871791.346
2019-10-19 00:00:00 UTC,0.057499605,50862781.88,35726835.83
2019-10-20 00:00:00 UTC,0.056473847,49949247.89,1544111.694
2019-10-21 00:00:00 UTC,0.056806247,50358581.94,1387118.163
2019-10-22 00:00:00 UTC,0.057693226,50977441.28,1857824.453
2019-10-23 00:00:00 UTC,0.059760555,52855774.48,2616130.737
2019-10-24 00:00:00 UTC,0.058693846,51921435.88,3383737.515
2019-10-25 00:00:00 UTC,0.059027741,52198728.99,1866823.187
2019-10-26 00:00:00 UTC,0.062297673,55049108.15,2360363.098
2019-10-27 00:00:00 UTC,0.060164976,53248161.76,1860225.206
2019-10-28 00:00:00 UTC,0.063649327,56305126.34,2311335.579
2019-10-29 00:00:00 UTC,0.064482467,57052575.15,1459381.758
2019-10-30 00:00:00 UTC,0.063299589,56005928.87,1046208.397
2019-10-31 00:00:00 UTC,0.063675922,56412059.96,2029473.705
2019-11-01 00:00:00 UTC,0.064087788,56871432.18,4887763.103
2019-11-02 00:00:00 UTC,0.066847873,59069659.08,2844116.007
2019-11-03 00:00:00 UTC,0.065808683,58179029.46,3797558.692
2019-11-04 00:00:00 UTC,0.066455291,58790500.71,84519793.26
2019-11-05 00:00:00 UTC,0.066579905,58897559.08,3182300.089
2019-11-06 00:00:00 UTC,0.066667828,58975336.5,46600536.26
2019-11-07 00:00:00 UTC,0.066921634,59213390.75,1537116.235
2019-11-08 00:00:00 UTC,0.065530143,57857136.36,1947084.524
2019-11-09 00:00:00 UTC,0.061658172,54847475.26,1558277.503
2019-11-10 00:00:00 UTC,0.06285288,55607747.42,45152937.79
2019-11-11 00:00:00 UTC,0.06336999,56058021.43,1594736.29
2019-11-12 00:00:00 UTC,0.061437541,54483702.42,67687913.89
2019-11-13 00:00:00 UTC,0.061407818,54334571.03,15533604.55
2019-11-14 00:00:00 UTC,0.061811595,54714155.66,3661339.28
2019-11-15 00:00:00 UTC,0.065009343,57325258.48,3109902.797
2019-11-16 00:00:00 UTC,0.066035569,58421038.07,36350962.64
2019-11-17 00:00:00 UTC,0.068468347,60517532.27,2585192.697
2019-11-18 00:00:00 UTC,0.066436444,58699147.56,44715251.05
2019-11-19 00:00:00 UTC,0.064307192,56856208.03,28751413.71
2019-11-20 00:00:00 UTC,0.065623655,58016570.13,2876902.858
2019-11-21 00:00:00 UTC,0.070508413,62659885.22,6140731.297
2019-11-22 00:00:00 UTC,0.062434411,55888754.35,16136817.95
2019-11-23 00:00:00 UTC,0.056979863,50220326.58,2864375.481
2019-11-24 00:00:00 UTC,0.060972337,53732978.92,2560846.306
2019-11-25 00:00:00 UTC,0.052872967,47836813.55,42281771.74
2019-11-26 00:00:00 UTC,0.051706555,46671609.93,7955393.306
2019-11-27 00:00:00 UTC,0.054718832,48413287.42,2960640.535
2019-11-28 00:00:00 UTC,0.058157193,51417031.7,21023216.36
2019-11-29 00:00:00 UTC,0.06260325,55109286.36,3325049.643
2019-11-30 00:00:00 UTC,0.060824317,53807238.99,27313357.97
2019-12-01 00:00:00 UTC,0.060021566,53313630.82,45073674.56
2019-12-02 00:00:00 UTC,0.062311985,54855663.44,2782763.217
2019-12-03 00:00:00 UTC,0.058894444,51992469.39,2592040.57
2019-12-04 00:00:00 UTC,0.062126432,55287806.51,2815476.663
2019-12-05 00:00:00 UTC,0.075362181,67891937.4,22274855.69
2019-12-06 00:00:00 UTC,0.092891911,83370532.67,44662865.83
2019-12-07 00:00:00 UTC,0.102437903,89446495.95,29928332.74
2019-12-08 00:00:00 UTC,0.0864171,76537740.11,15056268.33
2019-12-09 00:00:00 UTC,0.090104015,79863895.3,16558302.09
2019-12-10 00:00:00 UTC,0.082225465,72765920.54,11362073.26
2019-12-11 00:00:00 UTC,0.07371528,64871264.25,14686234.55
2019-12-12 00:00:00 UTC,0.083028854,73731645.58,26634495.6
2019-12-13 00:00:00 UTC,0.082298965,72831673.87,18076586.17
2019-12-14 00:00:00 UTC,0.082556452,73039993.42,11903375.05
2019-12-15 00:00:00 UTC,0.076003466,67224486.91,10284216.98
2019-12-16 00:00:00 UTC,0.085916857,75295725.06,11718358.37
2019-12-17 00:00:00 UTC,0.080000841,71121473.53,18785389.99
2019-12-18 00:00:00 UTC,0.076338048,67197788.45,13153219.29
2019-12-19 00:00:00 UTC,0.077380742,68959719.75,9794842.362
2019-12-20 00:00:00 UTC,0.077814489,69364039.97,8174181.632
2019-12-21 00:00:00 UTC,0.076933065,68101512,7287149.792
2019-12-22 00:00:00 UTC,0.076982443,67901749.4,5607851.021
2019-12-23 00:00:00 UTC,0.081872958,72736273.73,8493523.227
2019-12-24 00:00:00 UTC,0.076918525,68023422.89,5832684.638
2019-12-25 00:00:00 UTC,0.077657434,68740899.24,6055782.253
2019-12-26 00:00:00 UTC,0.075159005,66755044.57,3595832.422
2019-12-27 00:00:00 UTC,0.075198305,66606015.51,4512697.618
2019-12-28 00:00:00 UTC,0.074625966,65898329.48,4136464.473
2019-12-29 00:00:00 UTC,0.080523827,71071921.29,7317957.917
2019-12-30 00:00:00 UTC,0.080977085,71659493.59,10112655.73
2019-12-31 00:00:00 UTC,0.082084974,72580033.58,6825687.612
2020-01-01 00:00:00 UTC,0.080174468,70945989.59,6943267.678
2020-01-02 00:00:00 UTC,0.079594177,70296165.49,4905385.441
2020-01-03 00:00:00 UTC,0.073917772,65898233.08,4972691.11
2020-01-04 00:00:00 UTC,0.078208987,69762252.3,4822863.973
2020-01-05 00:00:00 UTC,0.077250477,68717676.36,3598063.769
2020-01-06 00:00:00 UTC,0.07650174,68085485.99,3913895.945
2020-01-07 00:00:00 UTC,0.075166855,66962081.31,5452626.353
2020-01-08 00:00:00 UTC,0.072565644,64848933.91,6343238.019
2020-01-09 00:00:00 UTC,0.074422172,66411216.79,5292720.188
2020-01-10 00:00:00 UTC,0.071595792,63570600.91,4421299.603
2020-01-11 00:00:00 UTC,0.072855866,64433806.86,4312872.027
2020-01-12 00:00:00 UTC,0.071819173,64230616.47,5032794.449
2020-01-13 00:00:00 UTC,0.072522258,64594088.7,4458123.323
2020-01-14 00:00:00 UTC,0.071371088,63571215.4,4281541.66
2020-01-15 00:00:00 UTC,0.072138491,64267943.31,6861704.848
2020-01-16 00:00:00 UTC,0.075126697,67223600.67,6762149.451
2020-01-17 00:00:00 UTC,0.080037886,72021582.65,8475638.847
2020-01-18 00:00:00 UTC,0.080005478,71980698.68,8661103.864
2020-01-19 00:00:00 UTC,0.077121889,69274200.12,5611729.009
2020-01-20 00:00:00 UTC,0.073366461,66165855.73,5385829.697
2020-01-21 00:00:00 UTC,0.075695308,68273121.83,5171943.088
2020-01-22 00:00:00 UTC,0.07645838,68631095.27,4154192.152
2020-01-23 00:00:00 UTC,0.077153598,68804138.99,4105965.097
2020-01-24 00:00:00 UTC,0.086364033,78227087.77,24858573.43
2020-01-25 00:00:00 UTC,0.084418459,75957848.01,13915656.28
2020-01-26 00:00:00 UTC,0.08779697,78902742.42,6205697.45
2020-01-27 00:00:00 UTC,0.086720232,77991426.71,8688680.352
2020-01-28 00:00:00 UTC,0.089337817,80122795.36,7053263.677
2020-01-29 00:00:00 UTC,0.088301309,79170737.78,7436489.912
2020-01-30 00:00:00 UTC,0.089188384,80318391.72,5745920.478
2020-01-31 00:00:00 UTC,0.09874783,89101993.3,11570666.45
2020-02-01 00:00:00 UTC,0.093927084,84847839.43,8838901.789
2020-02-02 00:00:00 UTC,0.103082109,92822917.16,10880799.5
2020-02-03 00:00:00 UTC,0.112981345,101636377.2,15667072.28
2020-02-04 00:00:00 UTC,0.114406942,102688541.9,16674713.67
2020-02-05 00:00:00 UTC,0.149017745,133175243,75542185.79
2020-02-06 00:00:00 UTC,0.135662361,122523566.2,53666486.52
2020-02-07 00:00:00 UTC,0.137357219,123472333.5,25907721.11
2020-02-08 00:00:00 UTC,0.1313909,117892636.8,15937816.57
2020-02-09 00:00:00 UTC,0.127707541,114741742.4,13788701.2
2020-02-10 00:00:00 UTC,0.131108444,117885928.5,19325424.83
2020-02-11 00:00:00 UTC,0.139667371,125793926,17422881.76
2020-02-12 00:00:00 UTC,0.138254426,124313814,12907231.15
2020-02-13 00:00:00 UTC,0.141497179,128133279.8,18517208.52
2020-02-14 00:00:00 UTC,0.136876349,122805163.8,20781855.59
2020-02-15 00:00:00 UTC,0.142062157,127059726,15583669.83
2020-02-16 00:00:00 UTC,0.131796573,118819167.2,18208934.77
2020-02-17 00:00:00 UTC,0.123643537,111253868.2,16954241.57
2020-02-18 00:00:00 UTC,0.138625903,124305554.1,31582385.11
2020-02-19 00:00:00 UTC,0.138618102,125250259.5,41344450.73
2020-02-20 00:00:00 UTC,0.135275324,123751250.9,46932445.52
2020-02-21 00:00:00 UTC,0.131588336,118803142.3,20161348.33
2020-02-22 00:00:00 UTC,0.127638564,115661188.1,13707111.49
2020-02-23 00:00:00 UTC,0.123955348,112255012,6450846.222
2020-02-24 00:00:00 UTC,0.131082826,118624504.9,10898997.37
2020-02-25 00:00:00 UTC,0.12155656,109775876.3,9464729.655
2020-02-26 00:00:00 UTC,0.110217682,100877654.3,10604703.46
2020-02-27 00:00:00 UTC,0.097058198,88956664.12,10501523.78
2020-02-28 00:00:00 UTC,0.100919211,91980048.52,11289228.86
2020-02-29 00:00:00 UTC,0.100897655,92799305.69,10093665.49
2020-03-01 00:00:00 UTC,0.097048003,89840934.28,6243557.778
2020-03-02 00:00:00 UTC,0.101845426,93310406.16,11094241.27
2020-03-03 00:00:00 UTC,0.10881257,99434296.11,10236336.22
2020-03-04 00:00:00 UTC,0.107591414,98511677.72,7862226.559
2020-03-05 00:00:00 UTC,0.105608921,96497198.27,7644256.973
2020-03-06 00:00:00 UTC,0.110763054,101305659.2,8812125.298
2020-03-07 00:00:00 UTC,0.112421929,103065713.6,9497899.949
2020-03-08 00:00:00 UTC,0.105433828,96270966.87,7544796.953
2020-03-09 00:00:00 UTC,0.087188564,80922071.6,7419325.938
2020-03-10 00:00:00 UTC,0.087263067,79527529.66,7803731.897
2020-03-11 00:00:00 UTC,0.088660011,81453006.9,6727994.006
2020-03-12 00:00:00 UTC,0.083283398,76275379.43,6818151.486
2020-03-13 00:00:00 UTC,0.043715223,39855544.66,6356245.178
2020-03-14 00:00:00 UTC,0.051046545,46429867.73,7910280.379
2020-03-15 00:00:00 UTC,0.050785907,46442436.03,7163721.548
2020-03-16 00:00:00 UTC,0.051735185,47822876.66,5442621.077
2020-03-17 00:00:00 UTC,0.046487133,42965684.13,7996635.917
2020-03-18 00:00:00 UTC,0.052249671,48214052.87,6241982.498
2020-03-19 00:00:00 UTC,0.051934794,47781318.11,4359613.805
2020-03-20 00:00:00 UTC,0.074179444,67179334.94,42517894.33
2020-03-21 00:00:00 UTC,0.074442717,68229469.66,18310173.58
2020-03-22 00:00:00 UTC,0.076234331,69642519.58,8260292.364
2020-03-23 00:00:00 UTC,0.070639203,64828161.74,5824763.498
2020-03-24 00:00:00 UTC,0.074380298,67562124.13,8224388.845
2020-03-25 00:00:00 UTC,0.082893464,76337231.39,7604314.224
2020-03-26 00:00:00 UTC,0.080500383,73585589.17,6425661.189
2020-03-27 00:00:00 UTC,0.093078706,85209450.57,17963961.94
2020-03-28 00:00:00 UTC,0.083478043,76125009.33,7136710.854
2020-03-29 00:00:00 UTC,0.085848659,78312567.67,9064508.399
2020-03-30 00:00:00 UTC,0.082148591,75103752.72,9006305.492
2020-03-31 00:00:00 UTC,0.092111123,84243076.73,16815634.32
2020-04-01 00:00:00 UTC,0.092871489,84564172.94,9720517.362
2020-04-02 00:00:00 UTC,0.092397467,84522627.84,7021017.482
2020-04-03 00:00:00 UTC,0.091729463,83436008.92,7147646.424
2020-04-04 00:00:00 UTC,0.089995131,82229239.21,5684773.48
2020-04-05 00:00:00 UTC,0.096449596,88196789.56,6741971.377
2020-04-06 00:00:00 UTC,0.093214645,85272564.82,6727654.557
2020-04-07 00:00:00 UTC,0.098173393,90084532.68,7152678.845
2020-04-08 00:00:00 UTC,0.09489777,86809835.23,6938331.163
2020-04-09 00:00:00 UTC,0.096755748,88847408.4,5887500.893
2020-04-10 00:00:00 UTC,0.096853242,88725400.73,6463553.733
2020-04-11 00:00:00 UTC,0.088406152,80863170.77,6942321.627
2020-04-12 00:00:00 UTC,0.087266795,79789743.68,4954930.653
2020-04-13 00:00:00 UTC,0.087657705,80749533.02,4555769.834
2020-04-14 00:00:00 UTC,0.089818491,81877434.31,5906013.456
2020-04-15 00:00:00 UTC,0.09109836,83542557.32,5385959.498
2020-04-16 00:00:00 UTC,0.092451149,84407343.38,10147859.84
2020-04-17 00:00:00 UTC,0.095499983,87455330.88,8530464.984
2020-04-18 00:00:00 UTC,0.094135752,86883506.51,5298849.086
2020-04-19 00:00:00 UTC,0.103621688,95281900.61,8173083.556
2020-04-20 00:00:00 UTC,0.099764154,91138394.26,9642410.118
2020-04-21 00:00:00 UTC,0.09828114,90229378.77,15694342.15
2020-04-22 00:00:00 UTC,0.106441975,97425295.26,27097780.26
2020-04-23 00:00:00 UTC,0.111795846,102610506.6,15542032.44
2020-04-24 00:00:00 UTC,0.11897508,109052366,14816675.73
2020-04-25 00:00:00 UTC,0.129531266,118821534.1,13573653.79
2020-04-26 00:00:00 UTC,0.146877596,134185274.6,34892230.42
2020-04-27 00:00:00 UTC,0.141218457,129233388.8,30506758.57
2020-04-28 00:00:00 UTC,0.137874944,126044199.4,27844403.15
2020-04-29 00:00:00 UTC,0.138567152,126730985.9,17548569.06
2020-04-30 00:00:00 UTC,0.142295905,130532792.9,19833288.5
2020-05-01 00:00:00 UTC,0.136365452,125011871.1,19969706.57
2020-05-02 00:00:00 UTC,0.140082708,128902012.9,15732145.81
2020-05-03 00:00:00 UTC,0.143245321,131696217.7,13222875.26
2020-05-04 00:00:00 UTC,0.1361553,125215888.9,9483168.432
2020-05-05 00:00:00 UTC,0.136251129,125225870.6,10546610.19
2020-05-06 00:00:00 UTC,0.144429948,132524144.4,14142270.61
2020-05-07 00:00:00 UTC,0.142503109,132535688.9,23250986.51
2020-05-08 00:00:00 UTC,0.141774,131067849.5,15624964.12
2020-05-09 00:00:00 UTC,0.14337156,132198315.9,13044374.99
2020-05-10 00:00:00 UTC,0.144750192,133465054.7,9626910.804
2020-05-11 00:00:00 UTC,0.1424808,131562494.7,14865874.11
2020-05-12 00:00:00 UTC,0.147924073,136233986.1,21730051.4
2020-05-13 00:00:00 UTC,0.16099699,147695895.9,25203650.67
2020-05-14 00:00:00 UTC,0.161341791,148318445,23948754.71
2020-05-15 00:00:00 UTC,0.161679576,149646688.4,15540987.68
2020-05-16 00:00:00 UTC,0.162793394,151057328.8,18135015.67
2020-05-17 00:00:00 UTC,0.16159857,148527555.6,14026048.83
2020-05-18 00:00:00 UTC,0.161987118,148991236.7,14399335.95
2020-05-19 00:00:00 UTC,0.158074728,144831674.7,11590796.66
2020-05-20 00:00:00 UTC,0.163957247,150803306.6,16769128.89
2020-05-21 00:00:00 UTC,0.169093991,155527940.5,21127163.34
2020-05-22 00:00:00 UTC,0.17670832,161897688.5,41696121.89
2020-05-23 00:00:00 UTC,0.172122762,158591209.9,12193647.43
2020-05-24 00:00:00 UTC,0.175492536,161458171.2,11536454.62
2020-05-25 00:00:00 UTC,0.164898488,151669033.7,12017979.45
2020-05-26 00:00:00 UTC,0.184051257,169191592.4,23675790.58
2020-05-27 00:00:00 UTC,0.186114942,171183336.8,27862864.26
2020-05-28 00:00:00 UTC,0.209852116,193446039.6,60718527.38
2020-05-29 00:00:00 UTC,0.204981318,188794314.4,42536286.64
2020-05-30 00:00:00 UTC,0.202158113,186277564.4,22312023.13
2020-05-31 00:00:00 UTC,0.202290124,186074672.6,16976374.61
2020-06-01 00:00:00 UTC,0.206920757,187808973.9,20490628.24
2020-06-02 00:00:00 UTC,0.207287953,190174175.3,21019527.83
2020-06-03 00:00:00 UTC,0.199300882,183311396.8,19188884.4
2020-06-04 00:00:00 UTC,0.198540666,182215467.6,9128243.372
2020-06-05 00:00:00 UTC,0.195029539,179481619.2,19273989.02
2020-06-06 00:00:00 UTC,0.200853261,186856690,14723030.05
2020-06-07 00:00:00 UTC,0.201093041,185246095.7,11431257.93
2020-06-08 00:00:00 UTC,0.196669149,181335951.2,9305976.635
2020-06-09 00:00:00 UTC,0.205136899,188317956.8,12426836.17
2020-06-10 00:00:00 UTC,0.201564583,185766454.7,15276222.7
2020-06-11 00:00:00 UTC,0.208804438,192294609.4,19590440.61
2020-06-12 00:00:00 UTC,0.185705661,171646216.7,16849010.21
2020-06-13 00:00:00 UTC,0.191939259,176231407.1,17855883.58
2020-06-14 00:00:00 UTC,0.190714828,175434585.9,10564641.4
2020-06-15 00:00:00 UTC,0.180819907,167324290.5,7744471.489
2020-06-16 00:00:00 UTC,0.178366211,164860241.8,15181857.64
2020-06-17 00:00:00 UTC,0.179580831,165504610.8,13480957.22
2020-06-18 00:00:00 UTC,0.173354858,160070558.1,9894015.824
2020-06-19 00:00:00 UTC,0.177409847,163495645.6,15412293.19
2020-06-20 00:00:00 UTC,0.172543481,158734358.3,10949545.41
2020-06-21 00:00:00 UTC,0.170421408,156836475.3,8683413.04
2020-06-22 00:00:00 UTC,0.170357352,156846398.2,7914478.171
2020-06-23 00:00:00 UTC,0.176801222,163026195.3,8558422.945
2020-06-24 00:00:00 UTC,0.181737701,166962605.8,10799577.73
2020-06-25 00:00:00 UTC,0.175250852,161650262,8544286.536
2020-06-26 00:00:00 UTC,0.169499879,156142603,8636267.321
2020-06-27 00:00:00 UTC,0.160049629,147653276.7,16817605.98
2020-06-28 00:00:00 UTC,0.153027977,140928987.2,7924511.768
2020-06-29 00:00:00 UTC,0.156224302,143735393,5170602.765
2020-06-30 00:00:00 UTC,0.171452248,157934635.1,11717077.98
2020-07-01 00:00:00 UTC,0.168028768,155199865.6,11411803.49
2020-07-02 00:00:00 UTC,0.172385571,158576024.6,6981025.502
2020-07-03 00:00:00 UTC,0.16722029,154392537.2,7310531.303
2020-07-04 00:00:00 UTC,0.17127407,157999774.8,7373024.452
2020-07-05 00:00:00 UTC,0.181440688,166752025.6,13037746.08
2020-07-06 00:00:00 UTC,0.17297324,159342249.4,10699624.53
2020-07-07 00:00:00 UTC,0.17838588,164254757.8,6766772.414
2020-07-08 00:00:00 UTC,0.17614615,162172064.3,5175958.441
2020-07-09 00:00:00 UTC,0.184364424,169836817.4,9573343.397
2020-07-10 00:00:00 UTC,0.18345393,168930682.7,13657280.56
2020-07-11 00:00:00 UTC,0.176789212,162636861.6,9024019.655
2020-07-12 00:00:00 UTC,0.181425503,167003118.7,8332490.378
2020-07-13 00:00:00 UTC,0.176964497,163130402.5,7629302.574
2020-07-14 00:00:00 UTC,0.179050538,164382831.4,16237543.54
2020-07-15 00:00:00 UTC,0.185962344,171409624.7,27190924.28
2020-07-16 00:00:00 UTC,0.184797034,170440455.4,10077850.01
2020-07-17 00:00:00 UTC,0.191401163,176139010.1,22933849.08
2020-07-18 00:00:00 UTC,0.20333701,187928651.9,36509982.78
2020-07-19 00:00:00 UTC,0.206973203,190670890.3,19591492.61
2020-07-20 00:00:00 UTC,0.207314295,191100563.1,12016762.88
2020-07-21 00:00:00 UTC,0.193762991,178494792.4,9861687.874
2020-07-22 00:00:00 UTC,0.193639573,178101955.1,11015683.42
2020-07-23 00:00:00 UTC,0.190773152,175458023.6,8481503.124
2020-07-24 00:00:00 UTC,0.185613125,170870671.2,10452839.65
2020-07-25 00:00:00 UTC,0.186038182,171250752.2,5878647.232
2020-07-26 00:00:00 UTC,0.187285078,172555063.1,7888473.25
2020-07-27 00:00:00 UTC,0.178658587,164580590.5,10688606.62
2020-07-28 00:00:00 UTC,0.16876265,155987238.3,19164558.15
2020-07-29 00:00:00 UTC,0.173983083,161120977.2,8690544.839
2020-07-30 00:00:00 UTC,0.176415159,162652125.1,8258436.192
2020-07-31 00:00:00 UTC,0.177963385,163940169.2,5239973.483
2020-08-01 00:00:00 UTC,0.174450262,160415755.6,8617262.007
2020-08-02 00:00:00 UTC,0.177087238,163377983.8,9314824.644
2020-08-03 00:00:00 UTC,0.174786989,160752475.7,12594355.29
2020-08-04 00:00:00 UTC,0.178321495,164764830,8489991.422
2020-08-05 00:00:00 UTC,0.187667721,172956106,13404304.14
2020-08-06 00:00:00 UTC,0.189648798,174704791,14323960.74
2020-08-07 00:00:00 UTC,0.192960242,177915047.2,10427718.25
2020-08-08 00:00:00 UTC,0.208712623,192359016.9,29166679.6
2020-08-09 00:00:00 UTC,0.211292908,194501473.9,25366523.8
2020-08-10 00:00:00 UTC,0.221736484,204539064.1,44492574.01
2020-08-11 00:00:00 UTC,0.224890267,207980076.5,30369406.15
2020-08-12 00:00:00 UTC,0.203278307,187686385.4,21784249.7
2020-08-13 00:00:00 UTC,0.208265746,192241688.9,14601170.91
2020-08-14 00:00:00 UTC,0.210789853,193926682.1,26249062.96
2020-08-15 00:00:00 UTC,0.208754307,192304817.9,16778511.15
2020-08-16 00:00:00 UTC,0.205773214,189437590.9,12488747.23
2020-08-17 00:00:00 UTC,0.213826034,196976901.7,11240350.98
2020-08-18 00:00:00 UTC,0.205664143,189465419.8,16562813.04
2020-08-19 00:00:00 UTC,0.207813825,191384750.9,14454015.56
2020-08-20 00:00:00 UTC,0.196831904,181200887.1,11122328.87
2020-08-21 00:00:00 UTC,0.208667377,192092943.8,11776425.47
2020-08-22 00:00:00 UTC,0.210382417,194194679.4,36024684.3
2020-08-23 00:00:00 UTC,0.225321175,208303242.4,20658197.71
2020-08-24 00:00:00 UTC,0.220963714,203644605.1,10615214.58
2020-08-25 00:00:00 UTC,0.244002838,222891255.4,34909402.99
2020-08-26 00:00:00 UTC,0.226981533,209548460.2,24285282.83
2020-08-27 00:00:00 UTC,0.227137524,209091643.4,14888791.48
2020-08-28 00:00:00 UTC,0.210714043,194110130.2,16837847.75
2020-08-29 00:00:00 UTC,0.222220875,204646528.2,9800425.913
2020-08-30 00:00:00 UTC,0.213614899,197166118.3,8834506.205
2020-08-31 00:00:00 UTC,0.21873677,201348140.3,11046644.67
2020-09-01 00:00:00 UTC,0.215306013,198487333.5,8697027.516
2020-09-02 00:00:00 UTC,0.209413117,193571329.1,11697540.5
2020-09-03 00:00:00 UTC,0.202401536,186357697.5,15334989.87
2020-09-04 00:00:00 UTC,0.171196515,157270045.9,18947103.37
2020-09-05 00:00:00 UTC,0.171075272,157594828.3,10753461.39
2020-09-06 00:00:00 UTC,0.153683383,141573390.9,9181849.64
2020-09-07 00:00:00 UTC,0.159366035,147012536.6,7356968.709
2020-09-08 00:00:00 UTC,0.150179879,138371198.4,9250251.885
2020-09-09 00:00:00 UTC,0.153900678,141145041.2,7497338.424
2020-09-10 00:00:00 UTC,0.164586616,151431449.3,14139518.84
2020-09-11 00:00:00 UTC,0.176228351,162201664.5,8396793.467
2020-09-12 00:00:00 UTC,0.171801349,158414469.7,5709493.172
2020-09-13 00:00:00 UTC,0.17231575,158478032.4,4712454.092
2020-09-14 00:00:00 UTC,0.161831791,148990147.2,5418288.49
2020-09-15 00:00:00 UTC,0.16709939,153836347.4,4953295.624
2020-09-16 00:00:00 UTC,0.158956883,146131688.8,5601802.61
2020-09-17 00:00:00 UTC,0.156076117,143855303.2,5489822.682
2020-09-18 00:00:00 UTC,0.160873947,148210767.1,4561364.002
2020-09-19 00:00:00 UTC,0.165681114,152515483.5,8095010.656
2020-09-20 00:00:00 UTC,0.169068271,155970432.3,5177710.413
2020-09-21 00:00:00 UTC,0.160757398,148264924.9,4654509.008
2020-09-22 00:00:00 UTC,0.144673549,133973448.2,7315840.674
2020-09-23 00:00:00 UTC,0.154959122,142613225.8,5971188.651
2020-09-24 00:00:00 UTC,0.143352383,132235453.9,7994315.984
2020-09-25 00:00:00 UTC,0.156053526,143949834.6,5842392.986
2020-09-26 00:00:00 UTC,0.154181242,141993814.3,7567806.349
2020-09-27 00:00:00 UTC,0.162395923,150443215.6,6742909.535
2020-09-28 00:00:00 UTC,0.16956557,154716466,28244661.49
2020-09-29 00:00:00 UTC,0.168528196,155648632.8,14398922.63
2020-09-30 00:00:00 UTC,0.160304798,147932396.2,31507698.23
2020-10-01 00:00:00 UTC,0.161041129,148123583.9,12528666.82
2020-10-02 00:00:00 UTC,0.154442544,142237858.3,10968962.22
2020-10-03 00:00:00 UTC,0.150904032,138878112.3,10406872.79
2020-10-04 00:00:00 UTC,0.150091766,138360906.3,4420931.692
2020-10-05 00:00:00 UTC,0.152423774,140774941.4,7124046.145
2020-10-06 00:00:00 UTC,0.155016457,142783522.1,7884089.432
2020-10-07 00:00:00 UTC,0.143769943,132064986.6,7735066.558
2020-10-08 00:00:00 UTC,0.148328711,136597898.4,7125367.588
2020-10-09 00:00:00 UTC,0.150273315,137289667.8,9199078.432
2020-10-10 00:00:00 UTC,0.154508242,142141772.4,9064540.95
2020-10-11 00:00:00 UTC,0.159882988,147246381.7,9170819.073
2020-10-12 00:00:00 UTC,0.159142743,146659484.1,8424819.525
2020-10-13 00:00:00 UTC,0.166860794,153908576.3,19361744.93
2020-10-14 00:00:00 UTC,0.16128199,148628791.2,8580750.335
2020-10-15 00:00:00 UTC,0.154207422,141724322.5,8731466.896
2020-10-16 00:00:00 UTC,0.152697472,140740612,6182764.821
2020-10-17 00:00:00 UTC,0.145671464,134747937.9,7027688.904
2020-10-18 00:00:00 UTC,0.14862357,137176464.1,4542616.931
2020-10-19 00:00:00 UTC,0.150845461,139163791.1,3581477.981
2020-10-20 00:00:00 UTC,0.149246976,137602095.5,5706772.492
2020-10-21 00:00:00 UTC,0.140654043,129298898.3,7444924.007
2020-10-22 00:00:00 UTC,0.143783151,132566500.7,7155745.461
2020-10-23 00:00:00 UTC,0.150697612,138946539.8,6340344.094
2020-10-24 00:00:00 UTC,0.147568748,136008663.5,6282085.363
2020-10-25 00:00:00 UTC,0.146603532,135264771.9,4691702.201
2020-10-26 00:00:00 UTC,0.143971286,132865179.1,3817781.526
2020-10-27 00:00:00 UTC,0.138417116,127921859.5,7856275.516
2020-10-28 00:00:00 UTC,0.138810039,127672982.8,6047348.053
2020-10-29 00:00:00 UTC,0.134829709,123936580.7,4711142.68
2020-10-30 00:00:00 UTC,0.132448605,122319472.7,4029031.384
2020-10-31 00:00:00 UTC,0.126420687,116616394.6,4599154.015
2020-11-01 00:00:00 UTC,0.126839966,117077748.7,3674087.801
2020-11-02 00:00:00 UTC,0.126883107,117067455.5,4046710.757
2020-11-03 00:00:00 UTC,0.121330044,112176813.9,3852398.959
2020-11-04 00:00:00 UTC,0.118819229,110024152.5,5343127.904
2020-11-05 00:00:00 UTC,0.118114346,109126151.6,4147607.304
2020-11-06 00:00:00 UTC,0.124055215,114342475,6217308.466
2020-11-07 00:00:00 UTC,0.136450789,125880894.2,8845495.561
2020-11-08 00:00:00 UTC,0.127733119,118138621.3,9519832.264
2020-11-09 00:00:00 UTC,0.136695152,126319889.1,6836357.65
2020-11-10 00:00:00 UTC,0.133720187,123271035.8,5834153.282
2020-11-11 00:00:00 UTC,0.13903948,128654488.1,8281091.526
2020-11-12 00:00:00 UTC,0.137707789,127035928,9077872.72
2020-11-13 00:00:00 UTC,0.133656105,123794186.4,6513674.38
2020-11-14 00:00:00 UTC,0.143516874,132315758.7,6230328.706
2020-11-15 00:00:00 UTC,0.141024798,130370643.7,4869467.563
2020-11-16 00:00:00 UTC,0.143585682,132320172.2,9377952.889
2020-11-17 00:00:00 UTC,0.144965191,133409782.7,7343548.858
2020-11-18 00:00:00 UTC,0.144896498,133615523.7,7073976.489
2020-11-19 00:00:00 UTC,0.138397973,127724472,9416019.073
2020-11-20 00:00:00 UTC,0.136113072,125450853.8,5717854.141
2020-11-21 00:00:00 UTC,0.139245635,128434994.4,6719235.707
2020-11-22 00:00:00 UTC,0.149190318,137087281.5,9192920.851
2020-11-23 00:00:00 UTC,0.144529603,133985439.3,10419313.62
2020-11-24 00:00:00 UTC,0.153898715,141656163.4,11288693.13
2020-11-25 00:00:00 UTC,0.15813779,145724528.5,21071031.79
2020-11-26 00:00:00 UTC,0.161718575,148713204.6,24385087.91
2020-11-27 00:00:00 UTC,0.141648145,130347382.3,23783609.17
2020-11-28 00:00:00 UTC,0.141553881,130592529.8,9566521.617
2020-11-29 00:00:00 UTC,0.144263564,133334166.3,9356669.021
2020-11-30 00:00:00 UTC,0.143237854,131909787.1,7414631.242
2020-12-01 00:00:00 UTC,0.147911099,136457097.1,11955119.21
2020-12-02 00:00:00 UTC,0.147013242,135696711.6,14853498.2
2020-12-03 00:00:00 UTC,0.160221045,147715290.7,11120397.93
2020-12-04 00:00:00 UTC,0.156684373,144361641,10868419.49
2020-12-05 00:00:00 UTC,0.147279597,135943326.8,18585147.91
2020-12-06 00:00:00 UTC,0.15247949,140758454.3,10728855.5
2020-12-07 00:00:00 UTC,0.151964489,140025242.5,8233560.41
2020-12-08 00:00:00 UTC,0.151113803,139555753.2,7407413.891
2020-12-09 00:00:00 UTC,0.140425176,129919376.1,14226109.75
2020-12-10 00:00:00 UTC,0.140602184,129986606.3,9722245.879
2020-12-11 00:00:00 UTC,0.142197194,131745079.3,8029685.722
2020-12-12 00:00:00 UTC,0.140190074,129758673.7,6671023.14
2020-12-13 00:00:00 UTC,0.144064957,132787663,5046576.953
2020-12-14 00:00:00 UTC,0.143005586,131768373.4,8092438.095
2020-12-15 00:00:00 UTC,0.15033968,138952033.4,13455456.88
2020-12-16 00:00:00 UTC,0.155227969,143318305.8,13686200.82
2020-12-17 00:00:00 UTC,0.154378509,142353280.6,12333355.89
2020-12-18 00:00:00 UTC,0.152891895,141198317,16945029.69
2020-12-19 00:00:00 UTC,0.160286826,147719382.2,11648602.1
2020-12-20 00:00:00 UTC,0.158913687,146453004.7,10324040.68
2020-12-21 00:00:00 UTC,0.152653221,141050061.6,9256612.899
2020-12-22 00:00:00 UTC,0.146514881,135358134.5,13426383.97
2020-12-23 00:00:00 UTC,0.145359492,133802054.2,11854382.26
2020-12-24 00:00:00 UTC,0.123695623,115214866,13573426.63
2020-12-25 00:00:00 UTC,0.144111184,132557170,12934140
2020-12-26 00:00:00 UTC,0.141257225,130397189.8,9710210.565
2020-12-27 00:00:00 UTC,0.141285323,129775241.2,8919396.514
2020-12-28 00:00:00 UTC,0.137255552,127777005.9,13039855.17
2020-12-29 00:00:00 UTC,0.140022289,129243859.9,10959123.81
2020-12-30 00:00:00 UTC,0.134230164,123804075.9,12032533.32
2020-12-31 00:00:00 UTC,0.130120311,120074185.2,10520609.74
2021-01-01 00:00:00 UTC,0.130907294,120480937.4,10647833.4
2021-01-02 00:00:00 UTC,0.136435438,125812652.1,12862572.8
2021-01-03 00:00:00 UTC,0.131888669,121368588.2,12586449.22
2021-01-04 00:00:00 UTC,0.136147759,126244803.8,13869142.97
2021-01-05 00:00:00 UTC,0.139584471,128913530.8,21014178.38
2021-01-06 00:00:00 UTC,0.146977795,135060542,16982671.89
2021-01-07 00:00:00 UTC,0.160641814,148897413.6,23337399.26
2021-01-08 00:00:00 UTC,0.164825632,150672399.6,34655007.76
2021-01-09 00:00:00 UTC,0.220746169,200353946.4,346382709.5
2021-01-10 00:00:00 UTC,0.209731922,194039023.4,65157025.45
2021-01-11 00:00:00 UTC,0.187339523,172642047.3,35105557.99
2021-01-12 00:00:00 UTC,0.164034539,150358199.3,30126977.93
2021-01-13 00:00:00 UTC,0.168382047,154737260.8,27904320.66
2021-01-14 00:00:00 UTC,0.179510717,165148915.7,15854776.63
2021-01-15 00:00:00 UTC,0.182590483,168324250.9,18391665.96
2021-01-16 00:00:00 UTC,0.188542448,174206130.5,28876384.44
2021-01-17 00:00:00 UTC,0.1979756,184530255.3,30226042.51
2021-01-18 00:00:00 UTC,0.230806528,219933839.2,214818430.2
2021-01-19 00:00:00 UTC,0.244419423,225074447.3,112241923.4
2021-01-20 00:00:00 UTC,0.362612184,335839649.9,690414238
2021-01-21 00:00:00 UTC,0.425107175,392318923.7,698895723.2
2021-01-22 00:00:00 UTC,0.330025181,309748248.7,189177523.9
2021-01-23 00:00:00 UTC,0.384518425,351920646.7,234199954.1
2021-01-24 00:00:00 UTC,0.427952264,393393854.6,230418435.6
2021-01-25 00:00:00 UTC,0.418392445,382739142.1,90419521.73
2021-01-26 00:00:00 UTC,0.468332228,442204134.7,186719409.9
2021-01-27 00:00:00 UTC,0.435536841,397585760.4,307899519.9
2021-01-28 00:00:00 UTC,0.366797337,340887566.5,98323534.63
2021-01-29 00:00:00 UTC,0.372422949,348880438.8,98277127.54
2021-01-30 00:00:00 UTC,0.357462545,329900150.2,75515492.03
2021-01-31 00:00:00 UTC,0.334221618,311406121.3,34149495.91
2021-02-01 00:00:00 UTC,0.341432841,317379819.9,72907550.95
2021-02-02 00:00:00 UTC,0.340500954,314696979.8,74900238.19
2021-02-03 00:00:00 UTC,0.363426486,333502831.9,68591804.64
2021-02-04 00:00:00 UTC,0.367937749,341499281.4,56376241.49
2021-02-05 00:00:00 UTC,0.360657272,339172885.5,77344358.8
2021-02-06 00:00:00 UTC,0.411385152,374784089.7,88234679.88
2021-02-07 00:00:00 UTC,0.390037193,360611399.9,68820866.31
2021-02-08 00:00:00 UTC,0.378759543,351797147.5,64721531.69
2021-02-09 00:00:00 UTC,0.398953694,369841971.7,56282966.84
2021-02-10 00:00:00 UTC,0.420319782,387532546.5,77805941.6
2021-02-11 00:00:00 UTC,0.424095457,397793636.5,108971499.1
2021-02-12 00:00:00 UTC,0.594163554,549384943.2,461478681.3
2021-02-13 00:00:00 UTC,0.606409453,565431079.5,244907171.2
2021-02-14 00:00:00 UTC,0.586599434,546121812.8,122508480.5
2021-02-15 00:00:00 UTC,0.551369177,510962717.3,84971265.1
2021-02-16 00:00:00 UTC,0.518910206,486159501.8,75940158.65
2021-02-17 00:00:00 UTC,0.544646354,506118958.1,74824661.66
2021-02-18 00:00:00 UTC,0.549378605,510459171.4,61261440.99
2021-02-19 00:00:00 UTC,0.587820445,542391364.7,86712484.1
2021-02-20 00:00:00 UTC,0.606509756,561408207.4,83283569.86
2021-02-21 00:00:00 UTC,0.558685915,516314585.6,91673576.25
2021-02-22 00:00:00 UTC,0.575030589,534013813.2,49088974.28
2021-02-23 00:00:00 UTC,0.546745084,506303239.5,248120417.8
2021-02-24 00:00:00 UTC,0.446125072,411013074.4,126774847.2
2021-02-25 00:00:00 UTC,0.490465479,448944189.4,65946670.76
2021-02-26 00:00:00 UTC,0.540889206,506630596.2,383454163.5
2021-02-27 00:00:00 UTC,0.576804946,538876058.7,184534834.8
2021-02-28 00:00:00 UTC,0.572825839,529941975.4,124353868.8
2021-03-01 00:00:00 UTC,0.568240649,536832722.5,93058698.9
2021-03-02 00:00:00 UTC,0.69399571,648398882.7,250164999.9
2021-03-03 00:00:00 UTC,0.798956961,748041237,774325534.1
2021-03-04 00:00:00 UTC,1.193813882,1118498623,1945904354
2021-03-05 00:00:00 UTC,1.328846446,1249059934,2240744202
2021-03-06 00:00:00 UTC,1.209286767,1120168707,787559769.4
2021-03-07 00:00:00 UTC,1.162787696,1080618877,478366794.6
2021-03-08 00:00:00 UTC,1.423255828,1309504945,934869236.5
2021-03-09 00:00:00 UTC,1.763047065,1657847447,2204085434
2021-03-10 00:00:00 UTC,1.726852875,1622168739,1286449857
2021-03-11 00:00:00 UTC,1.655005458,1551995693,640974085.7
2021-03-12 00:00:00 UTC,1.806725098,1691651806,973138436.3
2021-03-13 00:00:00 UTC,2.079441056,1927160961,1563446477
2021-03-14 00:00:00 UTC,2.058666532,1926750382,900585106.8
2021-03-15 00:00:00 UTC,2.409203809,2252505422,1493640821
2021-03-16 00:00:00 UTC,2.699572249,2573174674,2636205060
2021-03-17 00:00:00 UTC,2.543122556,2376336916,1379386824
2021-03-18 00:00:00 UTC,2.479259446,2308073398,948147764.1
2021-03-19 00:00:00 UTC,2.673674339,2505995418,985504880.5
2021-03-20 00:00:00 UTC,2.48262008,2317593765,509538925.1
2021-03-21 00:00:00 UTC,2.22805967,2092904489,538735297.7
2021-03-22 00:00:00 UTC,2.435511041,2281860409,614610728.7
2021-03-23 00:00:00 UTC,2.165951707,2038827889,461432854
2021-03-24 00:00:00 UTC,2.041683093,1896891923,462564880.2
2021-03-25 00:00:00 UTC,2.124169675,2010086722,1045169036
2021-03-26 00:00:00 UTC,2.095339095,1954054716,516963767.1
2021-03-27 00:00:00 UTC,2.311973754,2140529368,490421808.9
2021-03-28 00:00:00 UTC,2.308457054,2169274670,358494619.4
2021-03-29 00:00:00 UTC,2.493991816,2315732182,676585281.2
2021-03-30 00:00:00 UTC,2.486704901,2317982934,426145356.5
2021-03-31 00:00:00 UTC,2.482080151,2314344113,320522760.8
2021-04-01 00:00:00 UTC,2.545507237,2380751555,659232049.8
2021-04-02 00:00:00 UTC,2.491501267,2332223341,417497353.7
2021-04-03 00:00:00 UTC,2.537711083,2369009787,324780693.2
2021-04-04 00:00:00 UTC,2.311857922,2164955046,295381337.9
2021-04-05 00:00:00 UTC,2.416161773,2257794121,259948017.3
2021-04-06 00:00:00 UTC,2.461643304,2302684929,624045208.3